# system_processes: S1|J1|J2|MS|S2|PO
eid,processes,vc,props
s1_int1,S1,S1:1;J1:0;J2:0;MS:0;S2:0;PO:0,dS1
j1_int2,J1,S1:0;J1:1;J2:0;MS:0;S2:0;PO:0,dJ1
j2_int3,J2,S1:0;J1:0;J2:1;MS:0;S2:0;PO:0,dJ2
ms_int4,MS,S1:0;J1:0;J2:0;MS:1;S2:0;PO:0,dMS
s2_int5,S2,S1:0;J1:0;J2:0;MS:0;S2:1;PO:0,dS2
j2_po_comm6,J2|PO,J1:0;MS:0;PO:1;J2:2;S1:0;S2:0,cJ2PO
s2_po_comm7,S2|PO,J1:0;MS:0;PO:2;J2:2;S1:0;S2:2,cS2PO
po_eval8,PO,J1:0;MS:0;PO:3;J2:2;S1:0;S2:2,poe
s1_int9,S1,S1:2;J1:0;J2:0;MS:0;S2:0;PO:0,dS1
j1_int10,J1,S1:0;J1:2;J2:0;MS:0;S2:0;PO:0,dJ1
j2_int11,J2,J1:0;MS:0;PO:1;J2:3;S1:0;S2:0,dJ2
ms_int12,MS,S1:0;J1:0;J2:0;MS:2;S2:0;PO:0,
s2_int13,S2,J1:0;MS:0;PO:2;J2:2;S1:0;S2:3,s2
ms_po_comm14,MS|PO,J1:0;MS:3;PO:4;J2:2;S1:0;S2:2,cMSPO
po_eval15,PO,J1:0;MS:3;PO:5;J2:2;S1:0;S2:2,k_not_j1|k_not_s2|poe
s1_int16,S1,S1:3;J1:0;J2:0;MS:0;S2:0;PO:0,s1
j1_int17,J1,S1:0;J1:3;J2:0;MS:0;S2:0;PO:0,
j2_int18,J2,J1:0;MS:0;PO:1;J2:4;S1:0;S2:0,
ms_int19,MS,J1:0;MS:4;PO:4;J2:2;S1:0;S2:2,
s2_int20,S2,J1:0;MS:0;PO:2;J2:2;S1:0;S2:4,
s1_po_comm21,S1|PO,J1:0;MS:3;PO:6;J2:2;S1:4;S2:2,cS1PO
j1_po_comm22,J1|PO,J1:4;MS:3;PO:7;J2:2;S1:4;S2:2,cJ1PO
j2_po_comm23,J2|PO,J1:4;MS:3;PO:8;J2:5;S1:4;S2:2,cJ2PO
s2_po_comm24,S2|PO,J1:4;MS:3;PO:9;J2:5;S1:4;S2:5,cS2PO
po_eval25,PO,J1:4;MS:3;PO:10;J2:5;S1:4;S2:5,kS1|k_not_j1|k_not_s2|poe
s1_int26,S1,J1:0;MS:3;PO:6;J2:2;S1:5;S2:2,
j1_int27,J1,J1:5;MS:3;PO:7;J2:2;S1:4;S2:2,j1
j2_int28,J2,J1:4;MS:3;PO:8;J2:6;S1:4;S2:2,j2
ms_int29,MS,J1:0;MS:5;PO:4;J2:2;S1:0;S2:2,
s2_int30,S2,J1:4;MS:3;PO:9;J2:5;S1:4;S2:6,
s1_po_comm31,S1|PO,J1:4;MS:3;PO:11;J2:5;S1:6;S2:5,cS1PO
j1_po_comm32,J1|PO,J1:6;MS:3;PO:12;J2:5;S1:6;S2:5,cJ1PO
ms_po_comm33,MS|PO,J1:6;MS:6;PO:13;J2:5;S1:6;S2:5,cMSPO
po_eval34,PO,J1:6;MS:6;PO:14;J2:5;S1:6;S2:5,kJ1|k_not_s2|poe
s1_int35,S1,J1:4;MS:3;PO:11;J2:5;S1:7;S2:5,s1
j1_int36,J1,J1:7;MS:3;PO:12;J2:5;S1:6;S2:5,
j2_int37,J2,J1:4;MS:3;PO:8;J2:7;S1:4;S2:2,j2
ms_int38,MS,J1:6;MS:7;PO:13;J2:5;S1:6;S2:5,
s2_int39,S2,J1:4;MS:3;PO:9;J2:5;S1:4;S2:7,s2
s1_po_comm40,S1|PO,J1:6;MS:6;PO:15;J2:5;S1:8;S2:5,cS1PO
j2_po_comm41,J2|PO,J1:6;MS:6;PO:16;J2:8;S1:8;S2:5,cJ2PO
ms_po_comm42,MS|PO,J1:6;MS:8;PO:17;J2:8;S1:8;S2:5,cMSPO
s2_po_comm43,S2|PO,J1:6;MS:8;PO:18;J2:8;S1:8;S2:8,cS2PO
po_eval44,PO,J1:6;MS:8;PO:19;J2:8;S1:8;S2:8,kJ2|kS1|kS2|k_not_j1|poe
s1_int45,S1,J1:6;MS:6;PO:15;J2:5;S1:9;S2:5,s1
j1_int46,J1,J1:8;MS:3;PO:12;J2:5;S1:6;S2:5,j1
j2_int47,J2,J1:6;MS:6;PO:16;J2:9;S1:8;S2:5,
ms_int48,MS,J1:6;MS:9;PO:17;J2:8;S1:8;S2:5,
s2_int49,S2,J1:6;MS:8;PO:18;J2:8;S1:8;S2:9,
s1_po_comm50,S1|PO,J1:6;MS:8;PO:20;J2:8;S1:10;S2:8,cS1PO
j1_po_comm51,J1|PO,J1:9;MS:8;PO:21;J2:8;S1:10;S2:8,cJ1PO
j2_po_comm52,J2|PO,J1:9;MS:8;PO:22;J2:10;S1:10;S2:8,cJ2PO
s2_po_comm53,S2|PO,J1:9;MS:8;PO:23;J2:10;S1:10;S2:10,cS2PO
po_eval54,PO,J1:9;MS:8;PO:24;J2:10;S1:10;S2:10,kJ1|kS1|k_not_s2|poe
s1_int55,S1,J1:6;MS:8;PO:20;J2:8;S1:11;S2:8,
j1_int56,J1,J1:10;MS:8;PO:21;J2:8;S1:10;S2:8,
j2_int57,J2,J1:9;MS:8;PO:22;J2:11;S1:10;S2:8,j2
ms_int58,MS,J1:6;MS:10;PO:17;J2:8;S1:8;S2:5,
s2_int59,S2,J1:9;MS:8;PO:23;J2:10;S1:10;S2:11,
s1_po_comm60,S1|PO,J1:9;MS:8;PO:25;J2:10;S1:12;S2:10,cS1PO
j1_po_comm61,J1|PO,J1:11;MS:8;PO:26;J2:10;S1:12;S2:10,cJ1PO
j2_po_comm62,J2|PO,J1:11;MS:8;PO:27;J2:12;S1:12;S2:10,cJ2PO
s2_po_comm63,S2|PO,J1:11;MS:8;PO:28;J2:12;S1:12;S2:12,cS2PO
po_eval64,PO,J1:11;MS:8;PO:29;J2:12;S1:12;S2:12,kJ2|k_not_j1|k_not_s2|poe
s1_int65,S1,J1:9;MS:8;PO:25;J2:10;S1:13;S2:10,
j1_int66,J1,J1:12;MS:8;PO:26;J2:10;S1:12;S2:10,j1
j2_int67,J2,J1:11;MS:8;PO:27;J2:13;S1:12;S2:10,
ms_int68,MS,J1:6;MS:11;PO:17;J2:8;S1:8;S2:5,
s2_int69,S2,J1:11;MS:8;PO:28;J2:12;S1:12;S2:13,
j2_po_comm70,J2|PO,J1:11;MS:8;PO:30;J2:14;S1:12;S2:12,cJ2PO
po_eval71,PO,J1:11;MS:8;PO:31;J2:14;S1:12;S2:12,k_not_j1|k_not_s2|poe
s1_int72,S1,J1:9;MS:8;PO:25;J2:10;S1:14;S2:10,
j1_int73,J1,J1:13;MS:8;PO:26;J2:10;S1:12;S2:10,
j2_int74,J2,J1:11;MS:8;PO:30;J2:15;S1:12;S2:12,j2
ms_int75,MS,J1:6;MS:12;PO:17;J2:8;S1:8;S2:5,
s2_int76,S2,J1:11;MS:8;PO:28;J2:12;S1:12;S2:14,
s1_po_comm77,S1|PO,J1:11;MS:8;PO:32;J2:14;S1:15;S2:12,cS1PO
j2_po_comm78,J2|PO,J1:11;MS:8;PO:33;J2:16;S1:15;S2:12,cJ2PO
s2_po_comm79,S2|PO,J1:11;MS:8;PO:34;J2:16;S1:15;S2:15,cS2PO
po_eval80,PO,J1:11;MS:8;PO:35;J2:16;S1:15;S2:15,kJ2|k_not_j1|k_not_s2|poe
s1_int81,S1,J1:11;MS:8;PO:32;J2:14;S1:16;S2:12,s1
j1_int82,J1,J1:14;MS:8;PO:26;J2:10;S1:12;S2:10,
j2_int83,J2,J1:11;MS:8;PO:33;J2:17;S1:15;S2:12,j2
ms_int84,MS,J1:6;MS:13;PO:17;J2:8;S1:8;S2:5,
s2_int85,S2,J1:11;MS:8;PO:34;J2:16;S1:15;S2:16,
j1_po_comm86,J1|PO,J1:15;MS:8;PO:36;J2:16;S1:15;S2:15,cJ1PO
j2_po_comm87,J2|PO,J1:15;MS:8;PO:37;J2:18;S1:15;S2:15,cJ2PO
po_eval88,PO,J1:15;MS:8;PO:38;J2:18;S1:15;S2:15,kJ2|k_not_j1|k_not_s2|poe
s1_int89,S1,J1:11;MS:8;PO:32;J2:14;S1:17;S2:12,
j1_int90,J1,J1:16;MS:8;PO:36;J2:16;S1:15;S2:15,j1
j2_int91,J2,J1:15;MS:8;PO:37;J2:19;S1:15;S2:15,
ms_int92,MS,J1:6;MS:14;PO:17;J2:8;S1:8;S2:5,
s2_int93,S2,J1:11;MS:8;PO:34;J2:16;S1:15;S2:17,s2
s1_po_comm94,S1|PO,J1:15;MS:8;PO:39;J2:18;S1:18;S2:15,cS1PO
j1_po_comm95,J1|PO,J1:17;MS:8;PO:40;J2:18;S1:18;S2:15,cJ1PO
j2_po_comm96,J2|PO,J1:17;MS:8;PO:41;J2:20;S1:18;S2:15,cJ2PO
ms_po_comm97,MS|PO,J1:17;MS:15;PO:42;J2:20;S1:18;S2:15,cMSPO
po_eval98,PO,J1:17;MS:15;PO:43;J2:20;S1:18;S2:15,kJ1|k_not_s2|poe
s1_int99,S1,J1:15;MS:8;PO:39;J2:18;S1:19;S2:15,s1
j1_int100,J1,J1:18;MS:8;PO:40;J2:18;S1:18;S2:15,
j2_int101,J2,J1:17;MS:8;PO:41;J2:21;S1:18;S2:15,
ms_int102,MS,J1:17;MS:16;PO:42;J2:20;S1:18;S2:15,
s2_int103,S2,J1:11;MS:8;PO:34;J2:16;S1:15;S2:18,
j2_po_comm104,J2|PO,J1:17;MS:15;PO:44;J2:22;S1:18;S2:15,cJ2PO
ms_po_comm105,MS|PO,J1:17;MS:17;PO:45;J2:22;S1:18;S2:15,cMSPO
s2_po_comm106,S2|PO,J1:17;MS:17;PO:46;J2:22;S1:18;S2:19,cS2PO
po_eval107,PO,J1:17;MS:17;PO:47;J2:22;S1:18;S2:19,k_not_j1|k_not_s2|poe
s1_int108,S1,J1:15;MS:8;PO:39;J2:18;S1:20;S2:15,s1
j1_int109,J1,J1:19;MS:8;PO:40;J2:18;S1:18;S2:15,
j2_int110,J2,J1:17;MS:15;PO:44;J2:23;S1:18;S2:15,
ms_int111,MS,J1:17;MS:18;PO:45;J2:22;S1:18;S2:15,
s2_int112,S2,J1:17;MS:17;PO:46;J2:22;S1:18;S2:20,s2
s1_po_comm113,S1|PO,J1:17;MS:17;PO:48;J2:22;S1:21;S2:19,cS1PO
po_eval114,PO,J1:17;MS:17;PO:49;J2:22;S1:21;S2:19,kS1|k_not_j1|k_not_s2|poe
s1_int115,S1,J1:17;MS:17;PO:48;J2:22;S1:22;S2:19,s1
j1_int116,J1,J1:20;MS:8;PO:40;J2:18;S1:18;S2:15,
j2_int117,J2,J1:17;MS:15;PO:44;J2:24;S1:18;S2:15,
ms_int118,MS,J1:17;MS:19;PO:45;J2:22;S1:18;S2:15,
s2_int119,S2,J1:17;MS:17;PO:46;J2:22;S1:18;S2:21,s2
s1_po_comm120,S1|PO,J1:17;MS:17;PO:50;J2:22;S1:23;S2:19,cS1PO
po_eval121,PO,J1:17;MS:17;PO:51;J2:22;S1:23;S2:19,kS1|k_not_j1|k_not_s2|poe
s1_int122,S1,J1:17;MS:17;PO:50;J2:22;S1:24;S2:19,s1
j1_int123,J1,J1:21;MS:8;PO:40;J2:18;S1:18;S2:15,
j2_int124,J2,J1:17;MS:15;PO:44;J2:25;S1:18;S2:15,
ms_int125,MS,J1:17;MS:20;PO:45;J2:22;S1:18;S2:15,
s2_int126,S2,J1:17;MS:17;PO:46;J2:22;S1:18;S2:22,s2
s1_po_comm127,S1|PO,J1:17;MS:17;PO:52;J2:22;S1:25;S2:19,cS1PO
po_eval128,PO,J1:17;MS:17;PO:53;J2:22;S1:25;S2:19,kS1|k_not_j1|k_not_s2|poe
s1_int129,S1,J1:17;MS:17;PO:52;J2:22;S1:26;S2:19,s1
j1_int130,J1,J1:22;MS:8;PO:40;J2:18;S1:18;S2:15,j1
j2_int131,J2,J1:17;MS:15;PO:44;J2:26;S1:18;S2:15,
ms_int132,MS,J1:17;MS:21;PO:45;J2:22;S1:18;S2:15,
s2_int133,S2,J1:17;MS:17;PO:46;J2:22;S1:18;S2:23,s2
s1_po_comm134,S1|PO,J1:17;MS:17;PO:54;J2:22;S1:27;S2:19,cS1PO
ms_po_comm135,MS|PO,J1:17;MS:22;PO:55;J2:22;S1:27;S2:19,cMSPO
po_eval136,PO,J1:17;MS:22;PO:56;J2:22;S1:27;S2:19,kS1|k_not_j1|k_not_s2|poe
s1_int137,S1,J1:17;MS:17;PO:54;J2:22;S1:28;S2:19,s1
j1_int138,J1,J1:23;MS:8;PO:40;J2:18;S1:18;S2:15,
j2_int139,J2,J1:17;MS:15;PO:44;J2:27;S1:18;S2:15,
ms_int140,MS,J1:17;MS:23;PO:55;J2:22;S1:27;S2:19,
s2_int141,S2,J1:17;MS:17;PO:46;J2:22;S1:18;S2:24,s2
s1_po_comm142,S1|PO,J1:17;MS:22;PO:57;J2:22;S1:29;S2:19,cS1PO
ms_po_comm143,MS|PO,J1:17;MS:24;PO:58;J2:22;S1:29;S2:19,cMSPO
po_eval144,PO,J1:17;MS:24;PO:59;J2:22;S1:29;S2:19,kS1|k_not_j1|k_not_s2|poe
s1_int145,S1,J1:17;MS:22;PO:57;J2:22;S1:30;S2:19,s1
j1_int146,J1,J1:24;MS:8;PO:40;J2:18;S1:18;S2:15,j1
j2_int147,J2,J1:17;MS:15;PO:44;J2:28;S1:18;S2:15,j2
ms_int148,MS,J1:17;MS:25;PO:58;J2:22;S1:29;S2:19,
s2_int149,S2,J1:17;MS:17;PO:46;J2:22;S1:18;S2:25,s2
s1_po_comm150,S1|PO,J1:17;MS:24;PO:60;J2:22;S1:31;S2:19,cS1PO
po_eval151,PO,J1:17;MS:24;PO:61;J2:22;S1:31;S2:19,kS1|k_not_j1|k_not_s2|poe
s1_int152,S1,J1:17;MS:24;PO:60;J2:22;S1:32;S2:19,s1
j1_int153,J1,J1:25;MS:8;PO:40;J2:18;S1:18;S2:15,
j2_int154,J2,J1:17;MS:15;PO:44;J2:29;S1:18;S2:15,
ms_int155,MS,J1:17;MS:26;PO:58;J2:22;S1:29;S2:19,
s2_int156,S2,J1:17;MS:17;PO:46;J2:22;S1:18;S2:26,s2
s1_po_comm157,S1|PO,J1:17;MS:24;PO:62;J2:22;S1:33;S2:19,cS1PO
j2_po_comm158,J2|PO,J1:17;MS:24;PO:63;J2:30;S1:33;S2:19,cJ2PO
po_eval159,PO,J1:17;MS:24;PO:64;J2:30;S1:33;S2:19,kS1|k_not_j1|k_not_s2|poe
s1_int160,S1,J1:17;MS:24;PO:62;J2:22;S1:34;S2:19,s1
j1_int161,J1,J1:26;MS:8;PO:40;J2:18;S1:18;S2:15,
j2_int162,J2,J1:17;MS:24;PO:63;J2:31;S1:33;S2:19,
ms_int163,MS,J1:17;MS:27;PO:58;J2:22;S1:29;S2:19,
s2_int164,S2,J1:17;MS:17;PO:46;J2:22;S1:18;S2:27,s2
s1_po_comm165,S1|PO,J1:17;MS:24;PO:65;J2:30;S1:35;S2:19,cS1PO
po_eval166,PO,J1:17;MS:24;PO:66;J2:30;S1:35;S2:19,kS1|k_not_j1|k_not_s2|poe
s1_int167,S1,J1:17;MS:24;PO:65;J2:30;S1:36;S2:19,s1
j1_int168,J1,J1:27;MS:8;PO:40;J2:18;S1:18;S2:15,
j2_int169,J2,J1:17;MS:24;PO:63;J2:32;S1:33;S2:19,
ms_int170,MS,J1:17;MS:28;PO:58;J2:22;S1:29;S2:19,
s2_int171,S2,J1:17;MS:17;PO:46;J2:22;S1:18;S2:28,s2
s1_po_comm172,S1|PO,J1:17;MS:24;PO:67;J2:30;S1:37;S2:19,cS1PO
po_eval173,PO,J1:17;MS:24;PO:68;J2:30;S1:37;S2:19,kS1|k_not_j1|k_not_s2|poe
s1_int174,S1,J1:17;MS:24;PO:67;J2:30;S1:38;S2:19,s1
j1_int175,J1,J1:28;MS:8;PO:40;J2:18;S1:18;S2:15,
j2_int176,J2,J1:17;MS:24;PO:63;J2:33;S1:33;S2:19,
ms_int177,MS,J1:17;MS:29;PO:58;J2:22;S1:29;S2:19,
s2_int178,S2,J1:17;MS:17;PO:46;J2:22;S1:18;S2:29,s2
s1_po_comm179,S1|PO,J1:17;MS:24;PO:69;J2:30;S1:39;S2:19,cS1PO
j1_po_comm180,J1|PO,J1:29;MS:24;PO:70;J2:30;S1:39;S2:19,cJ1PO
po_eval181,PO,J1:29;MS:24;PO:71;J2:30;S1:39;S2:19,kS1|k_not_j1|k_not_s2|poe
s1_int182,S1,J1:17;MS:24;PO:69;J2:30;S1:40;S2:19,s1
j1_int183,J1,J1:30;MS:24;PO:70;J2:30;S1:39;S2:19,
j2_int184,J2,J1:17;MS:24;PO:63;J2:34;S1:33;S2:19,
ms_int185,MS,J1:17;MS:30;PO:58;J2:22;S1:29;S2:19,
s2_int186,S2,J1:17;MS:17;PO:46;J2:22;S1:18;S2:30,s2
s1_po_comm187,S1|PO,J1:29;MS:24;PO:72;J2:30;S1:41;S2:19,cS1PO
po_eval188,PO,J1:29;MS:24;PO:73;J2:30;S1:41;S2:19,kS1|k_not_j1|k_not_s2|poe
s1_int189,S1,J1:29;MS:24;PO:72;J2:30;S1:42;S2:19,s1
j1_int190,J1,J1:31;MS:24;PO:70;J2:30;S1:39;S2:19,j1
j2_int191,J2,J1:17;MS:24;PO:63;J2:35;S1:33;S2:19,
ms_int192,MS,J1:17;MS:31;PO:58;J2:22;S1:29;S2:19,
s2_int193,S2,J1:17;MS:17;PO:46;J2:22;S1:18;S2:31,s2
s1_po_comm194,S1|PO,J1:29;MS:24;PO:74;J2:30;S1:43;S2:19,cS1PO
po_eval195,PO,J1:29;MS:24;PO:75;J2:30;S1:43;S2:19,kS1|k_not_j1|k_not_s2|poe
s1_int196,S1,J1:29;MS:24;PO:74;J2:30;S1:44;S2:19,s1
j1_int197,J1,J1:32;MS:24;PO:70;J2:30;S1:39;S2:19,
j2_int198,J2,J1:17;MS:24;PO:63;J2:36;S1:33;S2:19,
ms_int199,MS,J1:17;MS:32;PO:58;J2:22;S1:29;S2:19,
s2_int200,S2,J1:17;MS:17;PO:46;J2:22;S1:18;S2:32,
s1_po_comm201,S1|PO,J1:29;MS:24;PO:76;J2:30;S1:45;S2:19,cS1PO
s2_po_comm202,S2|PO,J1:29;MS:24;PO:77;J2:30;S1:45;S2:33,cS2PO
po_eval203,PO,J1:29;MS:24;PO:78;J2:30;S1:45;S2:33,kS1|k_not_j1|k_not_s2|poe
s1_int204,S1,J1:29;MS:24;PO:76;J2:30;S1:46;S2:19,s1
j1_int205,J1,J1:33;MS:24;PO:70;J2:30;S1:39;S2:19,
j2_int206,J2,J1:17;MS:24;PO:63;J2:37;S1:33;S2:19,
ms_int207,MS,J1:17;MS:33;PO:58;J2:22;S1:29;S2:19,
s2_int208,S2,J1:29;MS:24;PO:77;J2:30;S1:45;S2:34,
s1_po_comm209,S1|PO,J1:29;MS:24;PO:79;J2:30;S1:47;S2:33,cS1PO
po_eval210,PO,J1:29;MS:24;PO:80;J2:30;S1:47;S2:33,kS1|k_not_j1|k_not_s2|poe
s1_int211,S1,J1:29;MS:24;PO:79;J2:30;S1:48;S2:33,s1
j1_int212,J1,J1:34;MS:24;PO:70;J2:30;S1:39;S2:19,
j2_int213,J2,J1:17;MS:24;PO:63;J2:38;S1:33;S2:19,
ms_int214,MS,J1:17;MS:34;PO:58;J2:22;S1:29;S2:19,
s2_int215,S2,J1:29;MS:24;PO:77;J2:30;S1:45;S2:35,s2
s1_po_comm216,S1|PO,J1:29;MS:24;PO:81;J2:30;S1:49;S2:33,cS1PO
po_eval217,PO,J1:29;MS:24;PO:82;J2:30;S1:49;S2:33,kS1|k_not_j1|k_not_s2|poe
s1_int218,S1,J1:29;MS:24;PO:81;J2:30;S1:50;S2:33,s1
j1_int219,J1,J1:35;MS:24;PO:70;J2:30;S1:39;S2:19,j1
j2_int220,J2,J1:17;MS:24;PO:63;J2:39;S1:33;S2:19,
ms_int221,MS,J1:17;MS:35;PO:58;J2:22;S1:29;S2:19,
s2_int222,S2,J1:29;MS:24;PO:77;J2:30;S1:45;S2:36,s2
s1_po_comm223,S1|PO,J1:29;MS:24;PO:83;J2:30;S1:51;S2:33,cS1PO
po_eval224,PO,J1:29;MS:24;PO:84;J2:30;S1:51;S2:33,kS1|k_not_j1|k_not_s2|poe
s1_int225,S1,J1:29;MS:24;PO:83;J2:30;S1:52;S2:33,s1
j1_int226,J1,J1:36;MS:24;PO:70;J2:30;S1:39;S2:19,
j2_int227,J2,J1:17;MS:24;PO:63;J2:40;S1:33;S2:19,
ms_int228,MS,J1:17;MS:36;PO:58;J2:22;S1:29;S2:19,
s2_int229,S2,J1:29;MS:24;PO:77;J2:30;S1:45;S2:37,s2
s1_po_comm230,S1|PO,J1:29;MS:24;PO:85;J2:30;S1:53;S2:33,cS1PO
po_eval231,PO,J1:29;MS:24;PO:86;J2:30;S1:53;S2:33,kS1|k_not_j1|k_not_s2|poe
s1_int232,S1,J1:29;MS:24;PO:85;J2:30;S1:54;S2:33,s1
j1_int233,J1,J1:37;MS:24;PO:70;J2:30;S1:39;S2:19,
j2_int234,J2,J1:17;MS:24;PO:63;J2:41;S1:33;S2:19,
ms_int235,MS,J1:17;MS:37;PO:58;J2:22;S1:29;S2:19,
s2_int236,S2,J1:29;MS:24;PO:77;J2:30;S1:45;S2:38,
po_eval237,PO,J1:29;MS:24;PO:87;J2:30;S1:53;S2:33,k_not_j1|k_not_s2|poe
s1_int238,S1,J1:29;MS:24;PO:85;J2:30;S1:55;S2:33,s1
j1_int239,J1,J1:38;MS:24;PO:70;J2:30;S1:39;S2:19,
j2_int240,J2,J1:17;MS:24;PO:63;J2:42;S1:33;S2:19,
ms_int241,MS,J1:17;MS:38;PO:58;J2:22;S1:29;S2:19,
s2_int242,S2,J1:29;MS:24;PO:77;J2:30;S1:45;S2:39,s2
po_eval243,PO,J1:29;MS:24;PO:88;J2:30;S1:53;S2:33,k_not_j1|k_not_s2|poe
s1_int244,S1,J1:29;MS:24;PO:85;J2:30;S1:56;S2:33,s1
j1_int245,J1,J1:39;MS:24;PO:70;J2:30;S1:39;S2:19,
j2_int246,J2,J1:17;MS:24;PO:63;J2:43;S1:33;S2:19,
ms_int247,MS,J1:17;MS:39;PO:58;J2:22;S1:29;S2:19,
s2_int248,S2,J1:29;MS:24;PO:77;J2:30;S1:45;S2:40,s2
s1_po_comm249,S1|PO,J1:29;MS:24;PO:89;J2:30;S1:57;S2:33,cS1PO
po_eval250,PO,J1:29;MS:24;PO:90;J2:30;S1:57;S2:33,kS1|k_not_j1|k_not_s2|poe
s1_int251,S1,J1:29;MS:24;PO:89;J2:30;S1:58;S2:33,s1
j1_int252,J1,J1:40;MS:24;PO:70;J2:30;S1:39;S2:19,
j2_int253,J2,J1:17;MS:24;PO:63;J2:44;S1:33;S2:19,
ms_int254,MS,J1:17;MS:40;PO:58;J2:22;S1:29;S2:19,
s2_int255,S2,J1:29;MS:24;PO:77;J2:30;S1:45;S2:41,s2
s1_po_comm256,S1|PO,J1:29;MS:24;PO:91;J2:30;S1:59;S2:33,cS1PO
po_eval257,PO,J1:29;MS:24;PO:92;J2:30;S1:59;S2:33,kS1|k_not_j1|k_not_s2|poe
s1_int258,S1,J1:29;MS:24;PO:91;J2:30;S1:60;S2:33,s1
j1_int259,J1,J1:41;MS:24;PO:70;J2:30;S1:39;S2:19,
j2_int260,J2,J1:17;MS:24;PO:63;J2:45;S1:33;S2:19,j2
ms_int261,MS,J1:17;MS:41;PO:58;J2:22;S1:29;S2:19,
s2_int262,S2,J1:29;MS:24;PO:77;J2:30;S1:45;S2:42,s2
s1_po_comm263,S1|PO,J1:29;MS:24;PO:93;J2:30;S1:61;S2:33,cS1PO
j2_po_comm264,J2|PO,J1:29;MS:24;PO:94;J2:46;S1:61;S2:33,cJ2PO
po_eval265,PO,J1:29;MS:24;PO:95;J2:46;S1:61;S2:33,kJ2|kS1|k_not_j1|k_not_s2|poe
s1_int266,S1,J1:29;MS:24;PO:93;J2:30;S1:62;S2:33,s1
j1_int267,J1,J1:42;MS:24;PO:70;J2:30;S1:39;S2:19,
j2_int268,J2,J1:29;MS:24;PO:94;J2:47;S1:61;S2:33,
ms_int269,MS,J1:17;MS:42;PO:58;J2:22;S1:29;S2:19,
s2_int270,S2,J1:29;MS:24;PO:77;J2:30;S1:45;S2:43,s2
s1_po_comm271,S1|PO,J1:29;MS:24;PO:96;J2:46;S1:63;S2:33,cS1PO
po_eval272,PO,J1:29;MS:24;PO:97;J2:46;S1:63;S2:33,kS1|k_not_j1|k_not_s2|poe
s1_int273,S1,J1:29;MS:24;PO:96;J2:46;S1:64;S2:33,s1
j1_int274,J1,J1:43;MS:24;PO:70;J2:30;S1:39;S2:19,
j2_int275,J2,J1:29;MS:24;PO:94;J2:48;S1:61;S2:33,
ms_int276,MS,J1:17;MS:43;PO:58;J2:22;S1:29;S2:19,
s2_int277,S2,J1:29;MS:24;PO:77;J2:30;S1:45;S2:44,s2
s1_po_comm278,S1|PO,J1:29;MS:24;PO:98;J2:46;S1:65;S2:33,cS1PO
po_eval279,PO,J1:29;MS:24;PO:99;J2:46;S1:65;S2:33,kS1|k_not_j1|k_not_s2|poe
s1_int280,S1,J1:29;MS:24;PO:98;J2:46;S1:66;S2:33,s1
j1_int281,J1,J1:44;MS:24;PO:70;J2:30;S1:39;S2:19,
j2_int282,J2,J1:29;MS:24;PO:94;J2:49;S1:61;S2:33,
ms_int283,MS,J1:17;MS:44;PO:58;J2:22;S1:29;S2:19,
s2_int284,S2,J1:29;MS:24;PO:77;J2:30;S1:45;S2:45,s2
s1_po_comm285,S1|PO,J1:29;MS:24;PO:100;J2:46;S1:67;S2:33,cS1PO
po_eval286,PO,J1:29;MS:24;PO:101;J2:46;S1:67;S2:33,kS1|k_not_j1|k_not_s2|poe
s1_int287,S1,J1:29;MS:24;PO:100;J2:46;S1:68;S2:33,s1
j1_int288,J1,J1:45;MS:24;PO:70;J2:30;S1:39;S2:19,
j2_int289,J2,J1:29;MS:24;PO:94;J2:50;S1:61;S2:33,
ms_int290,MS,J1:17;MS:45;PO:58;J2:22;S1:29;S2:19,
s2_int291,S2,J1:29;MS:24;PO:77;J2:30;S1:45;S2:46,s2
s1_po_comm292,S1|PO,J1:29;MS:24;PO:102;J2:46;S1:69;S2:33,cS1PO
po_eval293,PO,J1:29;MS:24;PO:103;J2:46;S1:69;S2:33,kS1|k_not_j1|k_not_s2|poe
s1_int294,S1,J1:29;MS:24;PO:102;J2:46;S1:70;S2:33,s1
j1_int295,J1,J1:46;MS:24;PO:70;J2:30;S1:39;S2:19,
j2_int296,J2,J1:29;MS:24;PO:94;J2:51;S1:61;S2:33,
ms_int297,MS,J1:17;MS:46;PO:58;J2:22;S1:29;S2:19,
s2_int298,S2,J1:29;MS:24;PO:77;J2:30;S1:45;S2:47,
s1_po_comm299,S1|PO,J1:29;MS:24;PO:104;J2:46;S1:71;S2:33,cS1PO
po_eval300,PO,J1:29;MS:24;PO:105;J2:46;S1:71;S2:33,kS1|k_not_j1|k_not_s2|poe
s1_int301,S1,J1:29;MS:24;PO:104;J2:46;S1:72;S2:33,s1
j1_int302,J1,J1:47;MS:24;PO:70;J2:30;S1:39;S2:19,
j2_int303,J2,J1:29;MS:24;PO:94;J2:52;S1:61;S2:33,
ms_int304,MS,J1:17;MS:47;PO:58;J2:22;S1:29;S2:19,
s2_int305,S2,J1:29;MS:24;PO:77;J2:30;S1:45;S2:48,s2
s1_po_comm306,S1|PO,J1:29;MS:24;PO:106;J2:46;S1:73;S2:33,cS1PO
j1_po_comm307,J1|PO,J1:48;MS:24;PO:107;J2:46;S1:73;S2:33,cJ1PO
po_eval308,PO,J1:48;MS:24;PO:108;J2:46;S1:73;S2:33,kS1|k_not_j1|k_not_s2|poe
s1_int309,S1,J1:29;MS:24;PO:106;J2:46;S1:74;S2:33,s1
j1_int310,J1,J1:49;MS:24;PO:107;J2:46;S1:73;S2:33,j1
j2_int311,J2,J1:29;MS:24;PO:94;J2:53;S1:61;S2:33,
ms_int312,MS,J1:17;MS:48;PO:58;J2:22;S1:29;S2:19,
s2_int313,S2,J1:29;MS:24;PO:77;J2:30;S1:45;S2:49,
s1_po_comm314,S1|PO,J1:48;MS:24;PO:109;J2:46;S1:75;S2:33,cS1PO
po_eval315,PO,J1:48;MS:24;PO:110;J2:46;S1:75;S2:33,kS1|k_not_j1|k_not_s2|poe
s1_int316,S1,J1:48;MS:24;PO:109;J2:46;S1:76;S2:33,s1
j1_int317,J1,J1:50;MS:24;PO:107;J2:46;S1:73;S2:33,
j2_int318,J2,J1:29;MS:24;PO:94;J2:54;S1:61;S2:33,
ms_int319,MS,J1:17;MS:49;PO:58;J2:22;S1:29;S2:19,
s2_int320,S2,J1:29;MS:24;PO:77;J2:30;S1:45;S2:50,
s1_po_comm321,S1|PO,J1:48;MS:24;PO:111;J2:46;S1:77;S2:33,cS1PO
j1_po_comm322,J1|PO,J1:51;MS:24;PO:112;J2:46;S1:77;S2:33,cJ1PO
po_eval323,PO,J1:51;MS:24;PO:113;J2:46;S1:77;S2:33,kS1|k_not_j1|k_not_s2|poe
s1_int324,S1,J1:48;MS:24;PO:111;J2:46;S1:78;S2:33,s1
j1_int325,J1,J1:52;MS:24;PO:112;J2:46;S1:77;S2:33,
j2_int326,J2,J1:29;MS:24;PO:94;J2:55;S1:61;S2:33,
ms_int327,MS,J1:17;MS:50;PO:58;J2:22;S1:29;S2:19,
s2_int328,S2,J1:29;MS:24;PO:77;J2:30;S1:45;S2:51,s2
s1_po_comm329,S1|PO,J1:51;MS:24;PO:114;J2:46;S1:79;S2:33,cS1PO
po_eval330,PO,J1:51;MS:24;PO:115;J2:46;S1:79;S2:33,kS1|k_not_j1|k_not_s2|poe
s1_int331,S1,J1:51;MS:24;PO:114;J2:46;S1:80;S2:33,s1
j1_int332,J1,J1:53;MS:24;PO:112;J2:46;S1:77;S2:33,
j2_int333,J2,J1:29;MS:24;PO:94;J2:56;S1:61;S2:33,j2
ms_int334,MS,J1:17;MS:51;PO:58;J2:22;S1:29;S2:19,
s2_int335,S2,J1:29;MS:24;PO:77;J2:30;S1:45;S2:52,
s1_po_comm336,S1|PO,J1:51;MS:24;PO:116;J2:46;S1:81;S2:33,cS1PO
po_eval337,PO,J1:51;MS:24;PO:117;J2:46;S1:81;S2:33,kS1|k_not_j1|k_not_s2|poe
s1_int338,S1,J1:51;MS:24;PO:116;J2:46;S1:82;S2:33,s1
j1_int339,J1,J1:54;MS:24;PO:112;J2:46;S1:77;S2:33,
j2_int340,J2,J1:29;MS:24;PO:94;J2:57;S1:61;S2:33,
ms_int341,MS,J1:17;MS:52;PO:58;J2:22;S1:29;S2:19,
s2_int342,S2,J1:29;MS:24;PO:77;J2:30;S1:45;S2:53,s2
s1_po_comm343,S1|PO,J1:51;MS:24;PO:118;J2:46;S1:83;S2:33,cS1PO
j1_po_comm344,J1|PO,J1:55;MS:24;PO:119;J2:46;S1:83;S2:33,cJ1PO
po_eval345,PO,J1:55;MS:24;PO:120;J2:46;S1:83;S2:33,kS1|k_not_j1|k_not_s2|poe
s1_int346,S1,J1:51;MS:24;PO:118;J2:46;S1:84;S2:33,s1
j1_int347,J1,J1:56;MS:24;PO:119;J2:46;S1:83;S2:33,
j2_int348,J2,J1:29;MS:24;PO:94;J2:58;S1:61;S2:33,j2
ms_int349,MS,J1:17;MS:53;PO:58;J2:22;S1:29;S2:19,
s2_int350,S2,J1:29;MS:24;PO:77;J2:30;S1:45;S2:54,s2
s1_po_comm351,S1|PO,J1:55;MS:24;PO:121;J2:46;S1:85;S2:33,cS1PO
po_eval352,PO,J1:55;MS:24;PO:122;J2:46;S1:85;S2:33,kS1|k_not_j1|k_not_s2|poe
s1_int353,S1,J1:55;MS:24;PO:121;J2:46;S1:86;S2:33,s1
j1_int354,J1,J1:57;MS:24;PO:119;J2:46;S1:83;S2:33,
j2_int355,J2,J1:29;MS:24;PO:94;J2:59;S1:61;S2:33,
ms_int356,MS,J1:17;MS:54;PO:58;J2:22;S1:29;S2:19,
s2_int357,S2,J1:29;MS:24;PO:77;J2:30;S1:45;S2:55,s2
s1_po_comm358,S1|PO,J1:55;MS:24;PO:123;J2:46;S1:87;S2:33,cS1PO
j1_po_comm359,J1|PO,J1:58;MS:24;PO:124;J2:46;S1:87;S2:33,cJ1PO
po_eval360,PO,J1:58;MS:24;PO:125;J2:46;S1:87;S2:33,kS1|k_not_j1|k_not_s2|poe
s1_int361,S1,J1:55;MS:24;PO:123;J2:46;S1:88;S2:33,s1
j1_int362,J1,J1:59;MS:24;PO:124;J2:46;S1:87;S2:33,
j2_int363,J2,J1:29;MS:24;PO:94;J2:60;S1:61;S2:33,j2
ms_int364,MS,J1:17;MS:55;PO:58;J2:22;S1:29;S2:19,
s2_int365,S2,J1:29;MS:24;PO:77;J2:30;S1:45;S2:56,
s1_po_comm366,S1|PO,J1:58;MS:24;PO:126;J2:46;S1:89;S2:33,cS1PO
po_eval367,PO,J1:58;MS:24;PO:127;J2:46;S1:89;S2:33,kS1|k_not_j1|k_not_s2|poe
s1_int368,S1,J1:58;MS:24;PO:126;J2:46;S1:90;S2:33,
j1_int369,J1,J1:60;MS:24;PO:124;J2:46;S1:87;S2:33,
j2_int370,J2,J1:29;MS:24;PO:94;J2:61;S1:61;S2:33,j2
ms_int371,MS,J1:17;MS:56;PO:58;J2:22;S1:29;S2:19,
s2_int372,S2,J1:29;MS:24;PO:77;J2:30;S1:45;S2:57,
s1_po_comm373,S1|PO,J1:58;MS:24;PO:128;J2:46;S1:91;S2:33,cS1PO
po_eval374,PO,J1:58;MS:24;PO:129;J2:46;S1:91;S2:33,k_not_j1|k_not_s2|poe
s1_int375,S1,J1:58;MS:24;PO:128;J2:46;S1:92;S2:33,s1
j1_int376,J1,J1:61;MS:24;PO:124;J2:46;S1:87;S2:33,
j2_int377,J2,J1:29;MS:24;PO:94;J2:62;S1:61;S2:33,
ms_int378,MS,J1:17;MS:57;PO:58;J2:22;S1:29;S2:19,
s2_int379,S2,J1:29;MS:24;PO:77;J2:30;S1:45;S2:58,s2
po_eval380,PO,J1:58;MS:24;PO:130;J2:46;S1:91;S2:33,k_not_j1|k_not_s2|poe
s1_int381,S1,J1:58;MS:24;PO:128;J2:46;S1:93;S2:33,s1
j1_int382,J1,J1:62;MS:24;PO:124;J2:46;S1:87;S2:33,
j2_int383,J2,J1:29;MS:24;PO:94;J2:63;S1:61;S2:33,
ms_int384,MS,J1:17;MS:58;PO:58;J2:22;S1:29;S2:19,
s2_int385,S2,J1:29;MS:24;PO:77;J2:30;S1:45;S2:59,s2
s1_po_comm386,S1|PO,J1:58;MS:24;PO:131;J2:46;S1:94;S2:33,cS1PO
po_eval387,PO,J1:58;MS:24;PO:132;J2:46;S1:94;S2:33,kS1|k_not_j1|k_not_s2|poe
s1_int388,S1,J1:58;MS:24;PO:131;J2:46;S1:95;S2:33,s1
j1_int389,J1,J1:63;MS:24;PO:124;J2:46;S1:87;S2:33,
j2_int390,J2,J1:29;MS:24;PO:94;J2:64;S1:61;S2:33,
ms_int391,MS,J1:17;MS:59;PO:58;J2:22;S1:29;S2:19,
s2_int392,S2,J1:29;MS:24;PO:77;J2:30;S1:45;S2:60,
j1_po_comm393,J1|PO,J1:64;MS:24;PO:133;J2:46;S1:94;S2:33,cJ1PO
ms_po_comm394,MS|PO,J1:64;MS:60;PO:134;J2:46;S1:94;S2:33,cMSPO
po_eval395,PO,J1:64;MS:60;PO:135;J2:46;S1:94;S2:33,k_not_j1|k_not_s2|poe
s1_int396,S1,J1:58;MS:24;PO:131;J2:46;S1:96;S2:33,s1
j1_int397,J1,J1:65;MS:24;PO:133;J2:46;S1:94;S2:33,
j2_int398,J2,J1:29;MS:24;PO:94;J2:65;S1:61;S2:33,
ms_int399,MS,J1:64;MS:61;PO:134;J2:46;S1:94;S2:33,
s2_int400,S2,J1:29;MS:24;PO:77;J2:30;S1:45;S2:61,s2
s1_po_comm401,S1|PO,J1:64;MS:60;PO:136;J2:46;S1:97;S2:33,cS1PO
po_eval402,PO,J1:64;MS:60;PO:137;J2:46;S1:97;S2:33,kS1|k_not_j1|k_not_s2|poe
s1_int403,S1,J1:64;MS:60;PO:136;J2:46;S1:98;S2:33,s1
j1_int404,J1,J1:66;MS:24;PO:133;J2:46;S1:94;S2:33,
j2_int405,J2,J1:29;MS:24;PO:94;J2:66;S1:61;S2:33,
ms_int406,MS,J1:64;MS:62;PO:134;J2:46;S1:94;S2:33,
s2_int407,S2,J1:29;MS:24;PO:77;J2:30;S1:45;S2:62,s2
s1_po_comm408,S1|PO,J1:64;MS:60;PO:138;J2:46;S1:99;S2:33,cS1PO
po_eval409,PO,J1:64;MS:60;PO:139;J2:46;S1:99;S2:33,kS1|k_not_j1|k_not_s2|poe
s1_int410,S1,J1:64;MS:60;PO:138;J2:46;S1:100;S2:33,s1
j1_int411,J1,J1:67;MS:24;PO:133;J2:46;S1:94;S2:33,
j2_int412,J2,J1:29;MS:24;PO:94;J2:67;S1:61;S2:33,
ms_int413,MS,J1:64;MS:63;PO:134;J2:46;S1:94;S2:33,
s2_int414,S2,J1:29;MS:24;PO:77;J2:30;S1:45;S2:63,s2
s1_po_comm415,S1|PO,J1:64;MS:60;PO:140;J2:46;S1:101;S2:33,cS1PO
j2_po_comm416,J2|PO,J1:64;MS:60;PO:141;J2:68;S1:101;S2:33,cJ2PO
po_eval417,PO,J1:64;MS:60;PO:142;J2:68;S1:101;S2:33,kS1|k_not_j1|k_not_s2|poe
s1_int418,S1,J1:64;MS:60;PO:140;J2:46;S1:102;S2:33,s1
j1_int419,J1,J1:68;MS:24;PO:133;J2:46;S1:94;S2:33,
j2_int420,J2,J1:64;MS:60;PO:141;J2:69;S1:101;S2:33,
ms_int421,MS,J1:64;MS:64;PO:134;J2:46;S1:94;S2:33,
s2_int422,S2,J1:29;MS:24;PO:77;J2:30;S1:45;S2:64,s2
po_eval423,PO,J1:64;MS:60;PO:143;J2:68;S1:101;S2:33,k_not_j1|k_not_s2|poe
s1_int424,S1,J1:64;MS:60;PO:140;J2:46;S1:103;S2:33,s1
j1_int425,J1,J1:69;MS:24;PO:133;J2:46;S1:94;S2:33,
j2_int426,J2,J1:64;MS:60;PO:141;J2:70;S1:101;S2:33,
ms_int427,MS,J1:64;MS:65;PO:134;J2:46;S1:94;S2:33,
s2_int428,S2,J1:29;MS:24;PO:77;J2:30;S1:45;S2:65,s2
s1_po_comm429,S1|PO,J1:64;MS:60;PO:144;J2:68;S1:104;S2:33,cS1PO
po_eval430,PO,J1:64;MS:60;PO:145;J2:68;S1:104;S2:33,kS1|k_not_j1|k_not_s2|poe
s1_int431,S1,J1:64;MS:60;PO:144;J2:68;S1:105;S2:33,
j1_int432,J1,J1:70;MS:24;PO:133;J2:46;S1:94;S2:33,
j2_int433,J2,J1:64;MS:60;PO:141;J2:71;S1:101;S2:33,
ms_int434,MS,J1:64;MS:66;PO:134;J2:46;S1:94;S2:33,
s2_int435,S2,J1:29;MS:24;PO:77;J2:30;S1:45;S2:66,s2
s1_po_comm436,S1|PO,J1:64;MS:60;PO:146;J2:68;S1:106;S2:33,cS1PO
po_eval437,PO,J1:64;MS:60;PO:147;J2:68;S1:106;S2:33,k_not_j1|k_not_s2|poe
s1_int438,S1,J1:64;MS:60;PO:146;J2:68;S1:107;S2:33,s1
j1_int439,J1,J1:71;MS:24;PO:133;J2:46;S1:94;S2:33,
j2_int440,J2,J1:64;MS:60;PO:141;J2:72;S1:101;S2:33,
ms_int441,MS,J1:64;MS:67;PO:134;J2:46;S1:94;S2:33,
s2_int442,S2,J1:29;MS:24;PO:77;J2:30;S1:45;S2:67,
s1_po_comm443,S1|PO,J1:64;MS:60;PO:148;J2:68;S1:108;S2:33,cS1PO
po_eval444,PO,J1:64;MS:60;PO:149;J2:68;S1:108;S2:33,kS1|k_not_j1|k_not_s2|poe
s1_int445,S1,J1:64;MS:60;PO:148;J2:68;S1:109;S2:33,
j1_int446,J1,J1:72;MS:24;PO:133;J2:46;S1:94;S2:33,j1
j2_int447,J2,J1:64;MS:60;PO:141;J2:73;S1:101;S2:33,
ms_int448,MS,J1:64;MS:68;PO:134;J2:46;S1:94;S2:33,
s2_int449,S2,J1:29;MS:24;PO:77;J2:30;S1:45;S2:68,
s1_po_comm450,S1|PO,J1:64;MS:60;PO:150;J2:68;S1:110;S2:33,cS1PO
j2_po_comm451,J2|PO,J1:64;MS:60;PO:151;J2:74;S1:110;S2:33,cJ2PO
po_eval452,PO,J1:64;MS:60;PO:152;J2:74;S1:110;S2:33,k_not_j1|k_not_s2|poe
s1_int453,S1,J1:64;MS:60;PO:150;J2:68;S1:111;S2:33,s1
j1_int454,J1,J1:73;MS:24;PO:133;J2:46;S1:94;S2:33,
j2_int455,J2,J1:64;MS:60;PO:151;J2:75;S1:110;S2:33,
ms_int456,MS,J1:64;MS:69;PO:134;J2:46;S1:94;S2:33,
s2_int457,S2,J1:29;MS:24;PO:77;J2:30;S1:45;S2:69,s2
s1_po_comm458,S1|PO,J1:64;MS:60;PO:153;J2:74;S1:112;S2:33,cS1PO
po_eval459,PO,J1:64;MS:60;PO:154;J2:74;S1:112;S2:33,kS1|k_not_j1|k_not_s2|poe
s1_int460,S1,J1:64;MS:60;PO:153;J2:74;S1:113;S2:33,s1
j1_int461,J1,J1:74;MS:24;PO:133;J2:46;S1:94;S2:33,
j2_int462,J2,J1:64;MS:60;PO:151;J2:76;S1:110;S2:33,
ms_int463,MS,J1:64;MS:70;PO:134;J2:46;S1:94;S2:33,
s2_int464,S2,J1:29;MS:24;PO:77;J2:30;S1:45;S2:70,
s1_po_comm465,S1|PO,J1:64;MS:60;PO:155;J2:74;S1:114;S2:33,cS1PO
j1_po_comm466,J1|PO,J1:75;MS:60;PO:156;J2:74;S1:114;S2:33,cJ1PO
po_eval467,PO,J1:75;MS:60;PO:157;J2:74;S1:114;S2:33,kS1|k_not_j1|k_not_s2|poe
s1_int468,S1,J1:64;MS:60;PO:155;J2:74;S1:115;S2:33,s1
j1_int469,J1,J1:76;MS:60;PO:156;J2:74;S1:114;S2:33,
j2_int470,J2,J1:64;MS:60;PO:151;J2:77;S1:110;S2:33,
ms_int471,MS,J1:64;MS:71;PO:134;J2:46;S1:94;S2:33,
s2_int472,S2,J1:29;MS:24;PO:77;J2:30;S1:45;S2:71,s2
s1_po_comm473,S1|PO,J1:75;MS:60;PO:158;J2:74;S1:116;S2:33,cS1PO
po_eval474,PO,J1:75;MS:60;PO:159;J2:74;S1:116;S2:33,kS1|k_not_j1|k_not_s2|poe
s1_int475,S1,J1:75;MS:60;PO:158;J2:74;S1:117;S2:33,s1
j1_int476,J1,J1:77;MS:60;PO:156;J2:74;S1:114;S2:33,j1
j2_int477,J2,J1:64;MS:60;PO:151;J2:78;S1:110;S2:33,j2
ms_int478,MS,J1:64;MS:72;PO:134;J2:46;S1:94;S2:33,
s2_int479,S2,J1:29;MS:24;PO:77;J2:30;S1:45;S2:72,
s1_po_comm480,S1|PO,J1:75;MS:60;PO:160;J2:74;S1:118;S2:33,cS1PO
po_eval481,PO,J1:75;MS:60;PO:161;J2:74;S1:118;S2:33,kS1|k_not_j1|k_not_s2|poe
s1_int482,S1,J1:75;MS:60;PO:160;J2:74;S1:119;S2:33,s1
j1_int483,J1,J1:78;MS:60;PO:156;J2:74;S1:114;S2:33,j1
j2_int484,J2,J1:64;MS:60;PO:151;J2:79;S1:110;S2:33,
ms_int485,MS,J1:64;MS:73;PO:134;J2:46;S1:94;S2:33,
s2_int486,S2,J1:29;MS:24;PO:77;J2:30;S1:45;S2:73,s2
s1_po_comm487,S1|PO,J1:75;MS:60;PO:162;J2:74;S1:120;S2:33,cS1PO
po_eval488,PO,J1:75;MS:60;PO:163;J2:74;S1:120;S2:33,kS1|k_not_j1|k_not_s2|poe
s1_int489,S1,J1:75;MS:60;PO:162;J2:74;S1:121;S2:33,s1
j1_int490,J1,J1:79;MS:60;PO:156;J2:74;S1:114;S2:33,
j2_int491,J2,J1:64;MS:60;PO:151;J2:80;S1:110;S2:33,
ms_int492,MS,J1:64;MS:74;PO:134;J2:46;S1:94;S2:33,
s2_int493,S2,J1:29;MS:24;PO:77;J2:30;S1:45;S2:74,
s1_po_comm494,S1|PO,J1:75;MS:60;PO:164;J2:74;S1:122;S2:33,cS1PO
po_eval495,PO,J1:75;MS:60;PO:165;J2:74;S1:122;S2:33,kS1|k_not_j1|k_not_s2|poe
s1_int496,S1,J1:75;MS:60;PO:164;J2:74;S1:123;S2:33,s1
j1_int497,J1,J1:80;MS:60;PO:156;J2:74;S1:114;S2:33,
j2_int498,J2,J1:64;MS:60;PO:151;J2:81;S1:110;S2:33,
ms_int499,MS,J1:64;MS:75;PO:134;J2:46;S1:94;S2:33,
s2_int500,S2,J1:29;MS:24;PO:77;J2:30;S1:45;S2:75,s2
s1_po_comm501,S1|PO,J1:75;MS:60;PO:166;J2:74;S1:124;S2:33,cS1PO
po_eval502,PO,J1:75;MS:60;PO:167;J2:74;S1:124;S2:33,kS1|k_not_j1|k_not_s2|poe
s1_int503,S1,J1:75;MS:60;PO:166;J2:74;S1:125;S2:33,s1
j1_int504,J1,J1:81;MS:60;PO:156;J2:74;S1:114;S2:33,
j2_int505,J2,J1:64;MS:60;PO:151;J2:82;S1:110;S2:33,
ms_int506,MS,J1:64;MS:76;PO:134;J2:46;S1:94;S2:33,
s2_int507,S2,J1:29;MS:24;PO:77;J2:30;S1:45;S2:76,s2
po_eval508,PO,J1:75;MS:60;PO:168;J2:74;S1:124;S2:33,k_not_j1|k_not_s2|poe
s1_int509,S1,J1:75;MS:60;PO:166;J2:74;S1:126;S2:33,s1
j1_int510,J1,J1:82;MS:60;PO:156;J2:74;S1:114;S2:33,
j2_int511,J2,J1:64;MS:60;PO:151;J2:83;S1:110;S2:33,
ms_int512,MS,J1:64;MS:77;PO:134;J2:46;S1:94;S2:33,
s2_int513,S2,J1:29;MS:24;PO:77;J2:30;S1:45;S2:77,
s1_po_comm514,S1|PO,J1:75;MS:60;PO:169;J2:74;S1:127;S2:33,cS1PO
po_eval515,PO,J1:75;MS:60;PO:170;J2:74;S1:127;S2:33,kS1|k_not_j1|k_not_s2|poe
s1_int516,S1,J1:75;MS:60;PO:169;J2:74;S1:128;S2:33,
j1_int517,J1,J1:83;MS:60;PO:156;J2:74;S1:114;S2:33,
j2_int518,J2,J1:64;MS:60;PO:151;J2:84;S1:110;S2:33,
ms_int519,MS,J1:64;MS:78;PO:134;J2:46;S1:94;S2:33,
s2_int520,S2,J1:29;MS:24;PO:77;J2:30;S1:45;S2:78,s2
s1_po_comm521,S1|PO,J1:75;MS:60;PO:171;J2:74;S1:129;S2:33,cS1PO
po_eval522,PO,J1:75;MS:60;PO:172;J2:74;S1:129;S2:33,k_not_j1|k_not_s2|poe
s1_int523,S1,J1:75;MS:60;PO:171;J2:74;S1:130;S2:33,s1
j1_int524,J1,J1:84;MS:60;PO:156;J2:74;S1:114;S2:33,
j2_int525,J2,J1:64;MS:60;PO:151;J2:85;S1:110;S2:33,
ms_int526,MS,J1:64;MS:79;PO:134;J2:46;S1:94;S2:33,
s2_int527,S2,J1:29;MS:24;PO:77;J2:30;S1:45;S2:79,s2
s1_po_comm528,S1|PO,J1:75;MS:60;PO:173;J2:74;S1:131;S2:33,cS1PO
po_eval529,PO,J1:75;MS:60;PO:174;J2:74;S1:131;S2:33,kS1|k_not_j1|k_not_s2|poe
s1_int530,S1,J1:75;MS:60;PO:173;J2:74;S1:132;S2:33,s1
j1_int531,J1,J1:85;MS:60;PO:156;J2:74;S1:114;S2:33,j1
j2_int532,J2,J1:64;MS:60;PO:151;J2:86;S1:110;S2:33,
ms_int533,MS,J1:64;MS:80;PO:134;J2:46;S1:94;S2:33,
s2_int534,S2,J1:29;MS:24;PO:77;J2:30;S1:45;S2:80,s2
s1_po_comm535,S1|PO,J1:75;MS:60;PO:175;J2:74;S1:133;S2:33,cS1PO
po_eval536,PO,J1:75;MS:60;PO:176;J2:74;S1:133;S2:33,kS1|k_not_j1|k_not_s2|poe
s1_int537,S1,J1:75;MS:60;PO:175;J2:74;S1:134;S2:33,s1
j1_int538,J1,J1:86;MS:60;PO:156;J2:74;S1:114;S2:33,
j2_int539,J2,J1:64;MS:60;PO:151;J2:87;S1:110;S2:33,
ms_int540,MS,J1:64;MS:81;PO:134;J2:46;S1:94;S2:33,
s2_int541,S2,J1:29;MS:24;PO:77;J2:30;S1:45;S2:81,s2
s1_po_comm542,S1|PO,J1:75;MS:60;PO:177;J2:74;S1:135;S2:33,cS1PO
j1_po_comm543,J1|PO,J1:87;MS:60;PO:178;J2:74;S1:135;S2:33,cJ1PO
po_eval544,PO,J1:87;MS:60;PO:179;J2:74;S1:135;S2:33,kS1|k_not_j1|k_not_s2|poe
s1_int545,S1,J1:75;MS:60;PO:177;J2:74;S1:136;S2:33,s1
j1_int546,J1,J1:88;MS:60;PO:178;J2:74;S1:135;S2:33,
j2_int547,J2,J1:64;MS:60;PO:151;J2:88;S1:110;S2:33,
ms_int548,MS,J1:64;MS:82;PO:134;J2:46;S1:94;S2:33,
s2_int549,S2,J1:29;MS:24;PO:77;J2:30;S1:45;S2:82,s2
s1_po_comm550,S1|PO,J1:87;MS:60;PO:180;J2:74;S1:137;S2:33,cS1PO
po_eval551,PO,J1:87;MS:60;PO:181;J2:74;S1:137;S2:33,kS1|k_not_j1|k_not_s2|poe
s1_int552,S1,J1:87;MS:60;PO:180;J2:74;S1:138;S2:33,s1
j1_int553,J1,J1:89;MS:60;PO:178;J2:74;S1:135;S2:33,
j2_int554,J2,J1:64;MS:60;PO:151;J2:89;S1:110;S2:33,
ms_int555,MS,J1:64;MS:83;PO:134;J2:46;S1:94;S2:33,
s2_int556,S2,J1:29;MS:24;PO:77;J2:30;S1:45;S2:83,s2
s1_po_comm557,S1|PO,J1:87;MS:60;PO:182;J2:74;S1:139;S2:33,cS1PO
po_eval558,PO,J1:87;MS:60;PO:183;J2:74;S1:139;S2:33,kS1|k_not_j1|k_not_s2|poe
s1_int559,S1,J1:87;MS:60;PO:182;J2:74;S1:140;S2:33,s1
j1_int560,J1,J1:90;MS:60;PO:178;J2:74;S1:135;S2:33,
j2_int561,J2,J1:64;MS:60;PO:151;J2:90;S1:110;S2:33,
ms_int562,MS,J1:64;MS:84;PO:134;J2:46;S1:94;S2:33,
s2_int563,S2,J1:29;MS:24;PO:77;J2:30;S1:45;S2:84,
po_eval564,PO,J1:87;MS:60;PO:184;J2:74;S1:139;S2:33,k_not_j1|k_not_s2|poe
s1_int565,S1,J1:87;MS:60;PO:182;J2:74;S1:141;S2:33,s1
j1_int566,J1,J1:91;MS:60;PO:178;J2:74;S1:135;S2:33,
j2_int567,J2,J1:64;MS:60;PO:151;J2:91;S1:110;S2:33,
ms_int568,MS,J1:64;MS:85;PO:134;J2:46;S1:94;S2:33,
s2_int569,S2,J1:29;MS:24;PO:77;J2:30;S1:45;S2:85,s2
po_eval570,PO,J1:87;MS:60;PO:185;J2:74;S1:139;S2:33,k_not_j1|k_not_s2|poe
s1_int571,S1,J1:87;MS:60;PO:182;J2:74;S1:142;S2:33,s1
j1_int572,J1,J1:92;MS:60;PO:178;J2:74;S1:135;S2:33,
j2_int573,J2,J1:64;MS:60;PO:151;J2:92;S1:110;S2:33,
ms_int574,MS,J1:64;MS:86;PO:134;J2:46;S1:94;S2:33,
s2_int575,S2,J1:29;MS:24;PO:77;J2:30;S1:45;S2:86,s2
s1_po_comm576,S1|PO,J1:87;MS:60;PO:186;J2:74;S1:143;S2:33,cS1PO
po_eval577,PO,J1:87;MS:60;PO:187;J2:74;S1:143;S2:33,kS1|k_not_j1|k_not_s2|poe
s1_int578,S1,J1:87;MS:60;PO:186;J2:74;S1:144;S2:33,s1
j1_int579,J1,J1:93;MS:60;PO:178;J2:74;S1:135;S2:33,
j2_int580,J2,J1:64;MS:60;PO:151;J2:93;S1:110;S2:33,
ms_int581,MS,J1:64;MS:87;PO:134;J2:46;S1:94;S2:33,
s2_int582,S2,J1:29;MS:24;PO:77;J2:30;S1:45;S2:87,s2
s1_po_comm583,S1|PO,J1:87;MS:60;PO:188;J2:74;S1:145;S2:33,cS1PO
j2_po_comm584,J2|PO,J1:87;MS:60;PO:189;J2:94;S1:145;S2:33,cJ2PO
po_eval585,PO,J1:87;MS:60;PO:190;J2:94;S1:145;S2:33,kS1|k_not_j1|k_not_s2|poe
s1_int586,S1,J1:87;MS:60;PO:188;J2:74;S1:146;S2:33,s1
j1_int587,J1,J1:94;MS:60;PO:178;J2:74;S1:135;S2:33,j1
j2_int588,J2,J1:87;MS:60;PO:189;J2:95;S1:145;S2:33,
ms_int589,MS,J1:64;MS:88;PO:134;J2:46;S1:94;S2:33,
s2_int590,S2,J1:29;MS:24;PO:77;J2:30;S1:45;S2:88,s2
s1_po_comm591,S1|PO,J1:87;MS:60;PO:191;J2:94;S1:147;S2:33,cS1PO
po_eval592,PO,J1:87;MS:60;PO:192;J2:94;S1:147;S2:33,kS1|k_not_j1|k_not_s2|poe
s1_int593,S1,J1:87;MS:60;PO:191;J2:94;S1:148;S2:33,s1
j1_int594,J1,J1:95;MS:60;PO:178;J2:74;S1:135;S2:33,
j2_int595,J2,J1:87;MS:60;PO:189;J2:96;S1:145;S2:33,
ms_int596,MS,J1:64;MS:89;PO:134;J2:46;S1:94;S2:33,
s2_int597,S2,J1:29;MS:24;PO:77;J2:30;S1:45;S2:89,s2
s1_po_comm598,S1|PO,J1:87;MS:60;PO:193;J2:94;S1:149;S2:33,cS1PO
po_eval599,PO,J1:87;MS:60;PO:194;J2:94;S1:149;S2:33,kS1|k_not_j1|k_not_s2|poe
s1_int600,S1,J1:87;MS:60;PO:193;J2:94;S1:150;S2:33,s1
j1_int601,J1,J1:96;MS:60;PO:178;J2:74;S1:135;S2:33,
j2_int602,J2,J1:87;MS:60;PO:189;J2:97;S1:145;S2:33,
ms_int603,MS,J1:64;MS:90;PO:134;J2:46;S1:94;S2:33,
s2_int604,S2,J1:29;MS:24;PO:77;J2:30;S1:45;S2:90,s2
s1_po_comm605,S1|PO,J1:87;MS:60;PO:195;J2:94;S1:151;S2:33,cS1PO
po_eval606,PO,J1:87;MS:60;PO:196;J2:94;S1:151;S2:33,kS1|k_not_j1|k_not_s2|poe
s1_int607,S1,J1:87;MS:60;PO:195;J2:94;S1:152;S2:33,s1
j1_int608,J1,J1:97;MS:60;PO:178;J2:74;S1:135;S2:33,
j2_int609,J2,J1:87;MS:60;PO:189;J2:98;S1:145;S2:33,
ms_int610,MS,J1:64;MS:91;PO:134;J2:46;S1:94;S2:33,
s2_int611,S2,J1:29;MS:24;PO:77;J2:30;S1:45;S2:91,s2
s1_po_comm612,S1|PO,J1:87;MS:60;PO:197;J2:94;S1:153;S2:33,cS1PO
po_eval613,PO,J1:87;MS:60;PO:198;J2:94;S1:153;S2:33,kS1|k_not_j1|k_not_s2|poe
s1_int614,S1,J1:87;MS:60;PO:197;J2:94;S1:154;S2:33,s1
j1_int615,J1,J1:98;MS:60;PO:178;J2:74;S1:135;S2:33,
j2_int616,J2,J1:87;MS:60;PO:189;J2:99;S1:145;S2:33,
ms_int617,MS,J1:64;MS:92;PO:134;J2:46;S1:94;S2:33,
s2_int618,S2,J1:29;MS:24;PO:77;J2:30;S1:45;S2:92,s2
s1_po_comm619,S1|PO,J1:87;MS:60;PO:199;J2:94;S1:155;S2:33,cS1PO
po_eval620,PO,J1:87;MS:60;PO:200;J2:94;S1:155;S2:33,kS1|k_not_j1|k_not_s2|poe
s1_int621,S1,J1:87;MS:60;PO:199;J2:94;S1:156;S2:33,s1
j1_int622,J1,J1:99;MS:60;PO:178;J2:74;S1:135;S2:33,j1
j2_int623,J2,J1:87;MS:60;PO:189;J2:100;S1:145;S2:33,j2
ms_int624,MS,J1:64;MS:93;PO:134;J2:46;S1:94;S2:33,
s2_int625,S2,J1:29;MS:24;PO:77;J2:30;S1:45;S2:93,s2
s1_po_comm626,S1|PO,J1:87;MS:60;PO:201;J2:94;S1:157;S2:33,cS1PO
po_eval627,PO,J1:87;MS:60;PO:202;J2:94;S1:157;S2:33,kS1|k_not_j1|k_not_s2|poe
s1_int628,S1,J1:87;MS:60;PO:201;J2:94;S1:158;S2:33,s1
j1_int629,J1,J1:100;MS:60;PO:178;J2:74;S1:135;S2:33,
j2_int630,J2,J1:87;MS:60;PO:189;J2:101;S1:145;S2:33,
ms_int631,MS,J1:64;MS:94;PO:134;J2:46;S1:94;S2:33,
s2_int632,S2,J1:29;MS:24;PO:77;J2:30;S1:45;S2:94,s2
s1_po_comm633,S1|PO,J1:87;MS:60;PO:203;J2:94;S1:159;S2:33,cS1PO
po_eval634,PO,J1:87;MS:60;PO:204;J2:94;S1:159;S2:33,kS1|k_not_j1|k_not_s2|poe
s1_int635,S1,J1:87;MS:60;PO:203;J2:94;S1:160;S2:33,
j1_int636,J1,J1:101;MS:60;PO:178;J2:74;S1:135;S2:33,
j2_int637,J2,J1:87;MS:60;PO:189;J2:102;S1:145;S2:33,
ms_int638,MS,J1:64;MS:95;PO:134;J2:46;S1:94;S2:33,
s2_int639,S2,J1:29;MS:24;PO:77;J2:30;S1:45;S2:95,
po_eval640,PO,J1:87;MS:60;PO:205;J2:94;S1:159;S2:33,k_not_j1|k_not_s2|poe
s1_int641,S1,J1:87;MS:60;PO:203;J2:94;S1:161;S2:33,s1
j1_int642,J1,J1:102;MS:60;PO:178;J2:74;S1:135;S2:33,
j2_int643,J2,J1:87;MS:60;PO:189;J2:103;S1:145;S2:33,
ms_int644,MS,J1:64;MS:96;PO:134;J2:46;S1:94;S2:33,
s2_int645,S2,J1:29;MS:24;PO:77;J2:30;S1:45;S2:96,s2
po_eval646,PO,J1:87;MS:60;PO:206;J2:94;S1:159;S2:33,k_not_j1|k_not_s2|poe
s1_int647,S1,J1:87;MS:60;PO:203;J2:94;S1:162;S2:33,s1
j1_int648,J1,J1:103;MS:60;PO:178;J2:74;S1:135;S2:33,
j2_int649,J2,J1:87;MS:60;PO:189;J2:104;S1:145;S2:33,
ms_int650,MS,J1:64;MS:97;PO:134;J2:46;S1:94;S2:33,
s2_int651,S2,J1:29;MS:24;PO:77;J2:30;S1:45;S2:97,s2
s1_po_comm652,S1|PO,J1:87;MS:60;PO:207;J2:94;S1:163;S2:33,cS1PO
po_eval653,PO,J1:87;MS:60;PO:208;J2:94;S1:163;S2:33,kS1|k_not_j1|k_not_s2|poe
s1_int654,S1,J1:87;MS:60;PO:207;J2:94;S1:164;S2:33,s1
j1_int655,J1,J1:104;MS:60;PO:178;J2:74;S1:135;S2:33,
j2_int656,J2,J1:87;MS:60;PO:189;J2:105;S1:145;S2:33,
ms_int657,MS,J1:64;MS:98;PO:134;J2:46;S1:94;S2:33,
s2_int658,S2,J1:29;MS:24;PO:77;J2:30;S1:45;S2:98,s2
s1_po_comm659,S1|PO,J1:87;MS:60;PO:209;J2:94;S1:165;S2:33,cS1PO
po_eval660,PO,J1:87;MS:60;PO:210;J2:94;S1:165;S2:33,kS1|k_not_j1|k_not_s2|poe
s1_int661,S1,J1:87;MS:60;PO:209;J2:94;S1:166;S2:33,s1
j1_int662,J1,J1:105;MS:60;PO:178;J2:74;S1:135;S2:33,
j2_int663,J2,J1:87;MS:60;PO:189;J2:106;S1:145;S2:33,
ms_int664,MS,J1:64;MS:99;PO:134;J2:46;S1:94;S2:33,
s2_int665,S2,J1:29;MS:24;PO:77;J2:30;S1:45;S2:99,s2
s1_po_comm666,S1|PO,J1:87;MS:60;PO:211;J2:94;S1:167;S2:33,cS1PO
po_eval667,PO,J1:87;MS:60;PO:212;J2:94;S1:167;S2:33,kS1|k_not_j1|k_not_s2|poe
s1_int668,S1,J1:87;MS:60;PO:211;J2:94;S1:168;S2:33,s1
j1_int669,J1,J1:106;MS:60;PO:178;J2:74;S1:135;S2:33,
j2_int670,J2,J1:87;MS:60;PO:189;J2:107;S1:145;S2:33,
ms_int671,MS,J1:64;MS:100;PO:134;J2:46;S1:94;S2:33,
s2_int672,S2,J1:29;MS:24;PO:77;J2:30;S1:45;S2:100,s2
s1_po_comm673,S1|PO,J1:87;MS:60;PO:213;J2:94;S1:169;S2:33,cS1PO
po_eval674,PO,J1:87;MS:60;PO:214;J2:94;S1:169;S2:33,kS1|k_not_j1|k_not_s2|poe
s1_int675,S1,J1:87;MS:60;PO:213;J2:94;S1:170;S2:33,s1
j1_int676,J1,J1:107;MS:60;PO:178;J2:74;S1:135;S2:33,
j2_int677,J2,J1:87;MS:60;PO:189;J2:108;S1:145;S2:33,
ms_int678,MS,J1:64;MS:101;PO:134;J2:46;S1:94;S2:33,
s2_int679,S2,J1:29;MS:24;PO:77;J2:30;S1:45;S2:101,s2
s1_po_comm680,S1|PO,J1:87;MS:60;PO:215;J2:94;S1:171;S2:33,cS1PO
po_eval681,PO,J1:87;MS:60;PO:216;J2:94;S1:171;S2:33,kS1|k_not_j1|k_not_s2|poe
s1_int682,S1,J1:87;MS:60;PO:215;J2:94;S1:172;S2:33,s1
j1_int683,J1,J1:108;MS:60;PO:178;J2:74;S1:135;S2:33,
j2_int684,J2,J1:87;MS:60;PO:189;J2:109;S1:145;S2:33,
ms_int685,MS,J1:64;MS:102;PO:134;J2:46;S1:94;S2:33,
s2_int686,S2,J1:29;MS:24;PO:77;J2:30;S1:45;S2:102,s2
s1_po_comm687,S1|PO,J1:87;MS:60;PO:217;J2:94;S1:173;S2:33,cS1PO
po_eval688,PO,J1:87;MS:60;PO:218;J2:94;S1:173;S2:33,kS1|k_not_j1|k_not_s2|poe
s1_int689,S1,J1:87;MS:60;PO:217;J2:94;S1:174;S2:33,s1
j1_int690,J1,J1:109;MS:60;PO:178;J2:74;S1:135;S2:33,
j2_int691,J2,J1:87;MS:60;PO:189;J2:110;S1:145;S2:33,
ms_int692,MS,J1:64;MS:103;PO:134;J2:46;S1:94;S2:33,
s2_int693,S2,J1:29;MS:24;PO:77;J2:30;S1:45;S2:103,s2
s1_po_comm694,S1|PO,J1:87;MS:60;PO:219;J2:94;S1:175;S2:33,cS1PO
j1_po_comm695,J1|PO,J1:110;MS:60;PO:220;J2:94;S1:175;S2:33,cJ1PO
po_eval696,PO,J1:110;MS:60;PO:221;J2:94;S1:175;S2:33,kS1|k_not_j1|k_not_s2|poe
s1_int697,S1,J1:87;MS:60;PO:219;J2:94;S1:176;S2:33,s1
j1_int698,J1,J1:111;MS:60;PO:220;J2:94;S1:175;S2:33,
j2_int699,J2,J1:87;MS:60;PO:189;J2:111;S1:145;S2:33,j2
ms_int700,MS,J1:64;MS:104;PO:134;J2:46;S1:94;S2:33,
s2_int701,S2,J1:29;MS:24;PO:77;J2:30;S1:45;S2:104,s2
s1_po_comm702,S1|PO,J1:110;MS:60;PO:222;J2:94;S1:177;S2:33,cS1PO
s2_po_comm703,S2|PO,J1:110;MS:60;PO:223;J2:94;S1:177;S2:105,cS2PO
po_eval704,PO,J1:110;MS:60;PO:224;J2:94;S1:177;S2:105,kS1|kS2|k_not_j1|poe
s1_int705,S1,J1:110;MS:60;PO:222;J2:94;S1:178;S2:33,s1
j1_int706,J1,J1:112;MS:60;PO:220;J2:94;S1:175;S2:33,j1
j2_int707,J2,J1:87;MS:60;PO:189;J2:112;S1:145;S2:33,
ms_int708,MS,J1:64;MS:105;PO:134;J2:46;S1:94;S2:33,
s2_int709,S2,J1:110;MS:60;PO:223;J2:94;S1:177;S2:106,s2
s1_po_comm710,S1|PO,J1:110;MS:60;PO:225;J2:94;S1:179;S2:105,cS1PO
j2_po_comm711,J2|PO,J1:110;MS:60;PO:226;J2:113;S1:179;S2:105,cJ2PO
po_eval712,PO,J1:110;MS:60;PO:227;J2:113;S1:179;S2:105,kS1|k_not_j1|k_not_s2|poe
s1_int713,S1,J1:110;MS:60;PO:225;J2:94;S1:180;S2:105,s1
j1_int714,J1,J1:113;MS:60;PO:220;J2:94;S1:175;S2:33,
j2_int715,J2,J1:110;MS:60;PO:226;J2:114;S1:179;S2:105,
ms_int716,MS,J1:64;MS:106;PO:134;J2:46;S1:94;S2:33,
s2_int717,S2,J1:110;MS:60;PO:223;J2:94;S1:177;S2:107,s2
s1_po_comm718,S1|PO,J1:110;MS:60;PO:228;J2:113;S1:181;S2:105,cS1PO
po_eval719,PO,J1:110;MS:60;PO:229;J2:113;S1:181;S2:105,kS1|k_not_j1|k_not_s2|poe
s1_int720,S1,J1:110;MS:60;PO:228;J2:113;S1:182;S2:105,
j1_int721,J1,J1:114;MS:60;PO:220;J2:94;S1:175;S2:33,
j2_int722,J2,J1:110;MS:60;PO:226;J2:115;S1:179;S2:105,
ms_int723,MS,J1:64;MS:107;PO:134;J2:46;S1:94;S2:33,
s2_int724,S2,J1:110;MS:60;PO:223;J2:94;S1:177;S2:108,s2
s1_po_comm725,S1|PO,J1:110;MS:60;PO:230;J2:113;S1:183;S2:105,cS1PO
po_eval726,PO,J1:110;MS:60;PO:231;J2:113;S1:183;S2:105,k_not_j1|k_not_s2|poe
s1_int727,S1,J1:110;MS:60;PO:230;J2:113;S1:184;S2:105,s1
j1_int728,J1,J1:115;MS:60;PO:220;J2:94;S1:175;S2:33,j1
j2_int729,J2,J1:110;MS:60;PO:226;J2:116;S1:179;S2:105,j2
ms_int730,MS,J1:64;MS:108;PO:134;J2:46;S1:94;S2:33,
s2_int731,S2,J1:110;MS:60;PO:223;J2:94;S1:177;S2:109,s2
s1_po_comm732,S1|PO,J1:110;MS:60;PO:232;J2:113;S1:185;S2:105,cS1PO
po_eval733,PO,J1:110;MS:60;PO:233;J2:113;S1:185;S2:105,kS1|k_not_j1|k_not_s2|poe
s1_int734,S1,J1:110;MS:60;PO:232;J2:113;S1:186;S2:105,s1
j1_int735,J1,J1:116;MS:60;PO:220;J2:94;S1:175;S2:33,
j2_int736,J2,J1:110;MS:60;PO:226;J2:117;S1:179;S2:105,
ms_int737,MS,J1:64;MS:109;PO:134;J2:46;S1:94;S2:33,
s2_int738,S2,J1:110;MS:60;PO:223;J2:94;S1:177;S2:110,s2
s1_po_comm739,S1|PO,J1:110;MS:60;PO:234;J2:113;S1:187;S2:105,cS1PO
po_eval740,PO,J1:110;MS:60;PO:235;J2:113;S1:187;S2:105,kS1|k_not_j1|k_not_s2|poe
s1_int741,S1,J1:110;MS:60;PO:234;J2:113;S1:188;S2:105,s1
j1_int742,J1,J1:117;MS:60;PO:220;J2:94;S1:175;S2:33,
j2_int743,J2,J1:110;MS:60;PO:226;J2:118;S1:179;S2:105,
ms_int744,MS,J1:64;MS:110;PO:134;J2:46;S1:94;S2:33,
s2_int745,S2,J1:110;MS:60;PO:223;J2:94;S1:177;S2:111,s2
s1_po_comm746,S1|PO,J1:110;MS:60;PO:236;J2:113;S1:189;S2:105,cS1PO
po_eval747,PO,J1:110;MS:60;PO:237;J2:113;S1:189;S2:105,kS1|k_not_j1|k_not_s2|poe
s1_int748,S1,J1:110;MS:60;PO:236;J2:113;S1:190;S2:105,s1
j1_int749,J1,J1:118;MS:60;PO:220;J2:94;S1:175;S2:33,
j2_int750,J2,J1:110;MS:60;PO:226;J2:119;S1:179;S2:105,
ms_int751,MS,J1:64;MS:111;PO:134;J2:46;S1:94;S2:33,
s2_int752,S2,J1:110;MS:60;PO:223;J2:94;S1:177;S2:112,s2
s1_po_comm753,S1|PO,J1:110;MS:60;PO:238;J2:113;S1:191;S2:105,cS1PO
po_eval754,PO,J1:110;MS:60;PO:239;J2:113;S1:191;S2:105,kS1|k_not_j1|k_not_s2|poe
s1_int755,S1,J1:110;MS:60;PO:238;J2:113;S1:192;S2:105,s1
j1_int756,J1,J1:119;MS:60;PO:220;J2:94;S1:175;S2:33,
j2_int757,J2,J1:110;MS:60;PO:226;J2:120;S1:179;S2:105,
ms_int758,MS,J1:64;MS:112;PO:134;J2:46;S1:94;S2:33,
s2_int759,S2,J1:110;MS:60;PO:223;J2:94;S1:177;S2:113,s2
s1_po_comm760,S1|PO,J1:110;MS:60;PO:240;J2:113;S1:193;S2:105,cS1PO
po_eval761,PO,J1:110;MS:60;PO:241;J2:113;S1:193;S2:105,kS1|k_not_j1|k_not_s2|poe
s1_int762,S1,J1:110;MS:60;PO:240;J2:113;S1:194;S2:105,s1
j1_int763,J1,J1:120;MS:60;PO:220;J2:94;S1:175;S2:33,
j2_int764,J2,J1:110;MS:60;PO:226;J2:121;S1:179;S2:105,
ms_int765,MS,J1:64;MS:113;PO:134;J2:46;S1:94;S2:33,
s2_int766,S2,J1:110;MS:60;PO:223;J2:94;S1:177;S2:114,s2
s1_po_comm767,S1|PO,J1:110;MS:60;PO:242;J2:113;S1:195;S2:105,cS1PO
po_eval768,PO,J1:110;MS:60;PO:243;J2:113;S1:195;S2:105,kS1|k_not_j1|k_not_s2|poe
s1_int769,S1,J1:110;MS:60;PO:242;J2:113;S1:196;S2:105,s1
j1_int770,J1,J1:121;MS:60;PO:220;J2:94;S1:175;S2:33,
j2_int771,J2,J1:110;MS:60;PO:226;J2:122;S1:179;S2:105,
ms_int772,MS,J1:64;MS:114;PO:134;J2:46;S1:94;S2:33,
s2_int773,S2,J1:110;MS:60;PO:223;J2:94;S1:177;S2:115,
s1_po_comm774,S1|PO,J1:110;MS:60;PO:244;J2:113;S1:197;S2:105,cS1PO
j2_po_comm775,J2|PO,J1:110;MS:60;PO:245;J2:123;S1:197;S2:105,cJ2PO
po_eval776,PO,J1:110;MS:60;PO:246;J2:123;S1:197;S2:105,kS1|k_not_j1|k_not_s2|poe
s1_int777,S1,J1:110;MS:60;PO:244;J2:113;S1:198;S2:105,
j1_int778,J1,J1:122;MS:60;PO:220;J2:94;S1:175;S2:33,
j2_int779,J2,J1:110;MS:60;PO:245;J2:124;S1:197;S2:105,
ms_int780,MS,J1:64;MS:115;PO:134;J2:46;S1:94;S2:33,
s2_int781,S2,J1:110;MS:60;PO:223;J2:94;S1:177;S2:116,s2
po_eval782,PO,J1:110;MS:60;PO:247;J2:123;S1:197;S2:105,k_not_j1|k_not_s2|poe
s1_int783,S1,J1:110;MS:60;PO:244;J2:113;S1:199;S2:105,s1
j1_int784,J1,J1:123;MS:60;PO:220;J2:94;S1:175;S2:33,
j2_int785,J2,J1:110;MS:60;PO:245;J2:125;S1:197;S2:105,j2
ms_int786,MS,J1:64;MS:116;PO:134;J2:46;S1:94;S2:33,
s2_int787,S2,J1:110;MS:60;PO:223;J2:94;S1:177;S2:117,
s1_po_comm788,S1|PO,J1:110;MS:60;PO:248;J2:123;S1:200;S2:105,cS1PO
j1_po_comm789,J1|PO,J1:124;MS:60;PO:249;J2:123;S1:200;S2:105,cJ1PO
s2_po_comm790,S2|PO,J1:124;MS:60;PO:250;J2:123;S1:200;S2:118,cS2PO
po_eval791,PO,J1:124;MS:60;PO:251;J2:123;S1:200;S2:118,kS1|k_not_j1|k_not_s2|poe
s1_int792,S1,J1:110;MS:60;PO:248;J2:123;S1:201;S2:105,s1
j1_int793,J1,J1:125;MS:60;PO:249;J2:123;S1:200;S2:105,
j2_int794,J2,J1:110;MS:60;PO:245;J2:126;S1:197;S2:105,
ms_int795,MS,J1:64;MS:117;PO:134;J2:46;S1:94;S2:33,
s2_int796,S2,J1:124;MS:60;PO:250;J2:123;S1:200;S2:119,s2
s1_po_comm797,S1|PO,J1:124;MS:60;PO:252;J2:123;S1:202;S2:118,cS1PO
po_eval798,PO,J1:124;MS:60;PO:253;J2:123;S1:202;S2:118,kS1|k_not_j1|k_not_s2|poe
s1_int799,S1,J1:124;MS:60;PO:252;J2:123;S1:203;S2:118,s1
j1_int800,J1,J1:126;MS:60;PO:249;J2:123;S1:200;S2:105,j1
j2_int801,J2,J1:110;MS:60;PO:245;J2:127;S1:197;S2:105,
ms_int802,MS,J1:64;MS:118;PO:134;J2:46;S1:94;S2:33,
s2_int803,S2,J1:124;MS:60;PO:250;J2:123;S1:200;S2:120,
s1_po_comm804,S1|PO,J1:124;MS:60;PO:254;J2:123;S1:204;S2:118,cS1PO
ms_po_comm805,MS|PO,J1:124;MS:119;PO:255;J2:123;S1:204;S2:118,cMSPO
po_eval806,PO,J1:124;MS:119;PO:256;J2:123;S1:204;S2:118,kS1|k_not_j1|k_not_s2|poe
s1_int807,S1,J1:124;MS:60;PO:254;J2:123;S1:205;S2:118,s1
j1_int808,J1,J1:127;MS:60;PO:249;J2:123;S1:200;S2:105,
j2_int809,J2,J1:110;MS:60;PO:245;J2:128;S1:197;S2:105,
ms_int810,MS,J1:124;MS:120;PO:255;J2:123;S1:204;S2:118,
s2_int811,S2,J1:124;MS:60;PO:250;J2:123;S1:200;S2:121,s2
s1_po_comm812,S1|PO,J1:124;MS:119;PO:257;J2:123;S1:206;S2:118,cS1PO
po_eval813,PO,J1:124;MS:119;PO:258;J2:123;S1:206;S2:118,kS1|k_not_j1|k_not_s2|poe
s1_int814,S1,J1:124;MS:119;PO:257;J2:123;S1:207;S2:118,s1
j1_int815,J1,J1:128;MS:60;PO:249;J2:123;S1:200;S2:105,
j2_int816,J2,J1:110;MS:60;PO:245;J2:129;S1:197;S2:105,
ms_int817,MS,J1:124;MS:121;PO:255;J2:123;S1:204;S2:118,
s2_int818,S2,J1:124;MS:60;PO:250;J2:123;S1:200;S2:122,
s1_po_comm819,S1|PO,J1:124;MS:119;PO:259;J2:123;S1:208;S2:118,cS1PO
po_eval820,PO,J1:124;MS:119;PO:260;J2:123;S1:208;S2:118,kS1|k_not_j1|k_not_s2|poe
s1_int821,S1,J1:124;MS:119;PO:259;J2:123;S1:209;S2:118,s1
j1_int822,J1,J1:129;MS:60;PO:249;J2:123;S1:200;S2:105,
j2_int823,J2,J1:110;MS:60;PO:245;J2:130;S1:197;S2:105,
ms_int824,MS,J1:124;MS:122;PO:255;J2:123;S1:204;S2:118,
s2_int825,S2,J1:124;MS:60;PO:250;J2:123;S1:200;S2:123,s2
s1_po_comm826,S1|PO,J1:124;MS:119;PO:261;J2:123;S1:210;S2:118,cS1PO
po_eval827,PO,J1:124;MS:119;PO:262;J2:123;S1:210;S2:118,kS1|k_not_j1|k_not_s2|poe
s1_int828,S1,J1:124;MS:119;PO:261;J2:123;S1:211;S2:118,s1
j1_int829,J1,J1:130;MS:60;PO:249;J2:123;S1:200;S2:105,
j2_int830,J2,J1:110;MS:60;PO:245;J2:131;S1:197;S2:105,
ms_int831,MS,J1:124;MS:123;PO:255;J2:123;S1:204;S2:118,
s2_int832,S2,J1:124;MS:60;PO:250;J2:123;S1:200;S2:124,s2
s1_po_comm833,S1|PO,J1:124;MS:119;PO:263;J2:123;S1:212;S2:118,cS1PO
po_eval834,PO,J1:124;MS:119;PO:264;J2:123;S1:212;S2:118,kS1|k_not_j1|k_not_s2|poe
s1_int835,S1,J1:124;MS:119;PO:263;J2:123;S1:213;S2:118,s1
j1_int836,J1,J1:131;MS:60;PO:249;J2:123;S1:200;S2:105,j1
j2_int837,J2,J1:110;MS:60;PO:245;J2:132;S1:197;S2:105,
ms_int838,MS,J1:124;MS:124;PO:255;J2:123;S1:204;S2:118,
s2_int839,S2,J1:124;MS:60;PO:250;J2:123;S1:200;S2:125,s2
s1_po_comm840,S1|PO,J1:124;MS:119;PO:265;J2:123;S1:214;S2:118,cS1PO
po_eval841,PO,J1:124;MS:119;PO:266;J2:123;S1:214;S2:118,kS1|k_not_j1|k_not_s2|poe
s1_int842,S1,J1:124;MS:119;PO:265;J2:123;S1:215;S2:118,s1
j1_int843,J1,J1:132;MS:60;PO:249;J2:123;S1:200;S2:105,
j2_int844,J2,J1:110;MS:60;PO:245;J2:133;S1:197;S2:105,
ms_int845,MS,J1:124;MS:125;PO:255;J2:123;S1:204;S2:118,
s2_int846,S2,J1:124;MS:60;PO:250;J2:123;S1:200;S2:126,
po_eval847,PO,J1:124;MS:119;PO:267;J2:123;S1:214;S2:118,k_not_j1|k_not_s2|poe
s1_int848,S1,J1:124;MS:119;PO:265;J2:123;S1:216;S2:118,s1
j1_int849,J1,J1:133;MS:60;PO:249;J2:123;S1:200;S2:105,
j2_int850,J2,J1:110;MS:60;PO:245;J2:134;S1:197;S2:105,
ms_int851,MS,J1:124;MS:126;PO:255;J2:123;S1:204;S2:118,
s2_int852,S2,J1:124;MS:60;PO:250;J2:123;S1:200;S2:127,s2
s1_po_comm853,S1|PO,J1:124;MS:119;PO:268;J2:123;S1:217;S2:118,cS1PO
po_eval854,PO,J1:124;MS:119;PO:269;J2:123;S1:217;S2:118,kS1|k_not_j1|k_not_s2|poe
s1_int855,S1,J1:124;MS:119;PO:268;J2:123;S1:218;S2:118,s1
j1_int856,J1,J1:134;MS:60;PO:249;J2:123;S1:200;S2:105,
j2_int857,J2,J1:110;MS:60;PO:245;J2:135;S1:197;S2:105,
ms_int858,MS,J1:124;MS:127;PO:255;J2:123;S1:204;S2:118,
s2_int859,S2,J1:124;MS:60;PO:250;J2:123;S1:200;S2:128,
s1_po_comm860,S1|PO,J1:124;MS:119;PO:270;J2:123;S1:219;S2:118,cS1PO
po_eval861,PO,J1:124;MS:119;PO:271;J2:123;S1:219;S2:118,kS1|k_not_j1|k_not_s2|poe
s1_int862,S1,J1:124;MS:119;PO:270;J2:123;S1:220;S2:118,s1
j1_int863,J1,J1:135;MS:60;PO:249;J2:123;S1:200;S2:105,
j2_int864,J2,J1:110;MS:60;PO:245;J2:136;S1:197;S2:105,
ms_int865,MS,J1:124;MS:128;PO:255;J2:123;S1:204;S2:118,
s2_int866,S2,J1:124;MS:60;PO:250;J2:123;S1:200;S2:129,s2
s1_po_comm867,S1|PO,J1:124;MS:119;PO:272;J2:123;S1:221;S2:118,cS1PO
po_eval868,PO,J1:124;MS:119;PO:273;J2:123;S1:221;S2:118,kS1|k_not_j1|k_not_s2|poe
s1_int869,S1,J1:124;MS:119;PO:272;J2:123;S1:222;S2:118,
j1_int870,J1,J1:136;MS:60;PO:249;J2:123;S1:200;S2:105,
j2_int871,J2,J1:110;MS:60;PO:245;J2:137;S1:197;S2:105,
ms_int872,MS,J1:124;MS:129;PO:255;J2:123;S1:204;S2:118,
s2_int873,S2,J1:124;MS:60;PO:250;J2:123;S1:200;S2:130,s2
s1_po_comm874,S1|PO,J1:124;MS:119;PO:274;J2:123;S1:223;S2:118,cS1PO
po_eval875,PO,J1:124;MS:119;PO:275;J2:123;S1:223;S2:118,k_not_j1|k_not_s2|poe
s1_int876,S1,J1:124;MS:119;PO:274;J2:123;S1:224;S2:118,s1
j1_int877,J1,J1:137;MS:60;PO:249;J2:123;S1:200;S2:105,j1
j2_int878,J2,J1:110;MS:60;PO:245;J2:138;S1:197;S2:105,
ms_int879,MS,J1:124;MS:130;PO:255;J2:123;S1:204;S2:118,
s2_int880,S2,J1:124;MS:60;PO:250;J2:123;S1:200;S2:131,s2
s1_po_comm881,S1|PO,J1:124;MS:119;PO:276;J2:123;S1:225;S2:118,cS1PO
po_eval882,PO,J1:124;MS:119;PO:277;J2:123;S1:225;S2:118,kS1|k_not_j1|k_not_s2|poe
s1_int883,S1,J1:124;MS:119;PO:276;J2:123;S1:226;S2:118,s1
j1_int884,J1,J1:138;MS:60;PO:249;J2:123;S1:200;S2:105,
j2_int885,J2,J1:110;MS:60;PO:245;J2:139;S1:197;S2:105,
ms_int886,MS,J1:124;MS:131;PO:255;J2:123;S1:204;S2:118,
s2_int887,S2,J1:124;MS:60;PO:250;J2:123;S1:200;S2:132,s2
s1_po_comm888,S1|PO,J1:124;MS:119;PO:278;J2:123;S1:227;S2:118,cS1PO
po_eval889,PO,J1:124;MS:119;PO:279;J2:123;S1:227;S2:118,kS1|k_not_j1|k_not_s2|poe
s1_int890,S1,J1:124;MS:119;PO:278;J2:123;S1:228;S2:118,s1
j1_int891,J1,J1:139;MS:60;PO:249;J2:123;S1:200;S2:105,
j2_int892,J2,J1:110;MS:60;PO:245;J2:140;S1:197;S2:105,
ms_int893,MS,J1:124;MS:132;PO:255;J2:123;S1:204;S2:118,
s2_int894,S2,J1:124;MS:60;PO:250;J2:123;S1:200;S2:133,s2
s1_po_comm895,S1|PO,J1:124;MS:119;PO:280;J2:123;S1:229;S2:118,cS1PO
ms_po_comm896,MS|PO,J1:124;MS:133;PO:281;J2:123;S1:229;S2:118,cMSPO
po_eval897,PO,J1:124;MS:133;PO:282;J2:123;S1:229;S2:118,kS1|k_not_j1|k_not_s2|poe
s1_int898,S1,J1:124;MS:119;PO:280;J2:123;S1:230;S2:118,s1
j1_int899,J1,J1:140;MS:60;PO:249;J2:123;S1:200;S2:105,
j2_int900,J2,J1:110;MS:60;PO:245;J2:141;S1:197;S2:105,
ms_int901,MS,J1:124;MS:134;PO:281;J2:123;S1:229;S2:118,
s2_int902,S2,J1:124;MS:60;PO:250;J2:123;S1:200;S2:134,s2
s1_po_comm903,S1|PO,J1:124;MS:133;PO:283;J2:123;S1:231;S2:118,cS1PO
po_eval904,PO,J1:124;MS:133;PO:284;J2:123;S1:231;S2:118,kS1|k_not_j1|k_not_s2|poe
s1_int905,S1,J1:124;MS:133;PO:283;J2:123;S1:232;S2:118,s1
j1_int906,J1,J1:141;MS:60;PO:249;J2:123;S1:200;S2:105,
j2_int907,J2,J1:110;MS:60;PO:245;J2:142;S1:197;S2:105,
ms_int908,MS,J1:124;MS:135;PO:281;J2:123;S1:229;S2:118,
s2_int909,S2,J1:124;MS:60;PO:250;J2:123;S1:200;S2:135,s2
s1_po_comm910,S1|PO,J1:124;MS:133;PO:285;J2:123;S1:233;S2:118,cS1PO
j2_po_comm911,J2|PO,J1:124;MS:133;PO:286;J2:143;S1:233;S2:118,cJ2PO
ms_po_comm912,MS|PO,J1:124;MS:136;PO:287;J2:143;S1:233;S2:118,cMSPO
po_eval913,PO,J1:124;MS:136;PO:288;J2:143;S1:233;S2:118,kS1|k_not_j1|k_not_s2|poe
s1_int914,S1,J1:124;MS:133;PO:285;J2:123;S1:234;S2:118,s1
j1_int915,J1,J1:142;MS:60;PO:249;J2:123;S1:200;S2:105,
j2_int916,J2,J1:124;MS:133;PO:286;J2:144;S1:233;S2:118,
ms_int917,MS,J1:124;MS:137;PO:287;J2:143;S1:233;S2:118,
s2_int918,S2,J1:124;MS:60;PO:250;J2:123;S1:200;S2:136,s2
s1_po_comm919,S1|PO,J1:124;MS:136;PO:289;J2:143;S1:235;S2:118,cS1PO
ms_po_comm920,MS|PO,J1:124;MS:138;PO:290;J2:143;S1:235;S2:118,cMSPO
po_eval921,PO,J1:124;MS:138;PO:291;J2:143;S1:235;S2:118,kS1|k_not_j1|k_not_s2|poe
s1_int922,S1,J1:124;MS:136;PO:289;J2:143;S1:236;S2:118,s1
j1_int923,J1,J1:143;MS:60;PO:249;J2:123;S1:200;S2:105,
j2_int924,J2,J1:124;MS:133;PO:286;J2:145;S1:233;S2:118,
ms_int925,MS,J1:124;MS:139;PO:290;J2:143;S1:235;S2:118,
s2_int926,S2,J1:124;MS:60;PO:250;J2:123;S1:200;S2:137,s2
s1_po_comm927,S1|PO,J1:124;MS:138;PO:292;J2:143;S1:237;S2:118,cS1PO
po_eval928,PO,J1:124;MS:138;PO:293;J2:143;S1:237;S2:118,kS1|k_not_j1|k_not_s2|poe
s1_int929,S1,J1:124;MS:138;PO:292;J2:143;S1:238;S2:118,s1
j1_int930,J1,J1:144;MS:60;PO:249;J2:123;S1:200;S2:105,
j2_int931,J2,J1:124;MS:133;PO:286;J2:146;S1:233;S2:118,
ms_int932,MS,J1:124;MS:140;PO:290;J2:143;S1:235;S2:118,
s2_int933,S2,J1:124;MS:60;PO:250;J2:123;S1:200;S2:138,s2
s1_po_comm934,S1|PO,J1:124;MS:138;PO:294;J2:143;S1:239;S2:118,cS1PO
po_eval935,PO,J1:124;MS:138;PO:295;J2:143;S1:239;S2:118,kS1|k_not_j1|k_not_s2|poe
s1_int936,S1,J1:124;MS:138;PO:294;J2:143;S1:240;S2:118,s1
j1_int937,J1,J1:145;MS:60;PO:249;J2:123;S1:200;S2:105,
j2_int938,J2,J1:124;MS:133;PO:286;J2:147;S1:233;S2:118,
ms_int939,MS,J1:124;MS:141;PO:290;J2:143;S1:235;S2:118,
s2_int940,S2,J1:124;MS:60;PO:250;J2:123;S1:200;S2:139,s2
s1_po_comm941,S1|PO,J1:124;MS:138;PO:296;J2:143;S1:241;S2:118,cS1PO
po_eval942,PO,J1:124;MS:138;PO:297;J2:143;S1:241;S2:118,kS1|k_not_j1|k_not_s2|poe
s1_int943,S1,J1:124;MS:138;PO:296;J2:143;S1:242;S2:118,s1
j1_int944,J1,J1:146;MS:60;PO:249;J2:123;S1:200;S2:105,
j2_int945,J2,J1:124;MS:133;PO:286;J2:148;S1:233;S2:118,
ms_int946,MS,J1:124;MS:142;PO:290;J2:143;S1:235;S2:118,
s2_int947,S2,J1:124;MS:60;PO:250;J2:123;S1:200;S2:140,s2
s1_po_comm948,S1|PO,J1:124;MS:138;PO:298;J2:143;S1:243;S2:118,cS1PO
j2_po_comm949,J2|PO,J1:124;MS:138;PO:299;J2:149;S1:243;S2:118,cJ2PO
po_eval950,PO,J1:124;MS:138;PO:300;J2:149;S1:243;S2:118,kS1|k_not_j1|k_not_s2|poe
s1_int951,S1,J1:124;MS:138;PO:298;J2:143;S1:244;S2:118,s1
j1_int952,J1,J1:147;MS:60;PO:249;J2:123;S1:200;S2:105,
j2_int953,J2,J1:124;MS:138;PO:299;J2:150;S1:243;S2:118,
ms_int954,MS,J1:124;MS:143;PO:290;J2:143;S1:235;S2:118,
s2_int955,S2,J1:124;MS:60;PO:250;J2:123;S1:200;S2:141,s2
s1_po_comm956,S1|PO,J1:124;MS:138;PO:301;J2:149;S1:245;S2:118,cS1PO
j2_po_comm957,J2|PO,J1:124;MS:138;PO:302;J2:151;S1:245;S2:118,cJ2PO
po_eval958,PO,J1:124;MS:138;PO:303;J2:151;S1:245;S2:118,kS1|k_not_j1|k_not_s2|poe
s1_int959,S1,J1:124;MS:138;PO:301;J2:149;S1:246;S2:118,s1
j1_int960,J1,J1:148;MS:60;PO:249;J2:123;S1:200;S2:105,
j2_int961,J2,J1:124;MS:138;PO:302;J2:152;S1:245;S2:118,
ms_int962,MS,J1:124;MS:144;PO:290;J2:143;S1:235;S2:118,
s2_int963,S2,J1:124;MS:60;PO:250;J2:123;S1:200;S2:142,s2
s1_po_comm964,S1|PO,J1:124;MS:138;PO:304;J2:151;S1:247;S2:118,cS1PO
ms_po_comm965,MS|PO,J1:124;MS:145;PO:305;J2:151;S1:247;S2:118,cMSPO
po_eval966,PO,J1:124;MS:145;PO:306;J2:151;S1:247;S2:118,kS1|k_not_j1|k_not_s2|poe
s1_int967,S1,J1:124;MS:138;PO:304;J2:151;S1:248;S2:118,
j1_int968,J1,J1:149;MS:60;PO:249;J2:123;S1:200;S2:105,
j2_int969,J2,J1:124;MS:138;PO:302;J2:153;S1:245;S2:118,
ms_int970,MS,J1:124;MS:146;PO:305;J2:151;S1:247;S2:118,
s2_int971,S2,J1:124;MS:60;PO:250;J2:123;S1:200;S2:143,s2
s1_po_comm972,S1|PO,J1:124;MS:145;PO:307;J2:151;S1:249;S2:118,cS1PO
po_eval973,PO,J1:124;MS:145;PO:308;J2:151;S1:249;S2:118,k_not_j1|k_not_s2|poe
s1_int974,S1,J1:124;MS:145;PO:307;J2:151;S1:250;S2:118,s1
j1_int975,J1,J1:150;MS:60;PO:249;J2:123;S1:200;S2:105,
j2_int976,J2,J1:124;MS:138;PO:302;J2:154;S1:245;S2:118,
ms_int977,MS,J1:124;MS:147;PO:305;J2:151;S1:247;S2:118,
s2_int978,S2,J1:124;MS:60;PO:250;J2:123;S1:200;S2:144,s2
po_eval979,PO,J1:124;MS:145;PO:309;J2:151;S1:249;S2:118,k_not_j1|k_not_s2|poe
s1_int980,S1,J1:124;MS:145;PO:307;J2:151;S1:251;S2:118,s1
j1_int981,J1,J1:151;MS:60;PO:249;J2:123;S1:200;S2:105,
j2_int982,J2,J1:124;MS:138;PO:302;J2:155;S1:245;S2:118,
ms_int983,MS,J1:124;MS:148;PO:305;J2:151;S1:247;S2:118,
s2_int984,S2,J1:124;MS:60;PO:250;J2:123;S1:200;S2:145,
s1_po_comm985,S1|PO,J1:124;MS:145;PO:310;J2:151;S1:252;S2:118,cS1PO
po_eval986,PO,J1:124;MS:145;PO:311;J2:151;S1:252;S2:118,kS1|k_not_j1|k_not_s2|poe
s1_int987,S1,J1:124;MS:145;PO:310;J2:151;S1:253;S2:118,s1
j1_int988,J1,J1:152;MS:60;PO:249;J2:123;S1:200;S2:105,
j2_int989,J2,J1:124;MS:138;PO:302;J2:156;S1:245;S2:118,
ms_int990,MS,J1:124;MS:149;PO:305;J2:151;S1:247;S2:118,
s2_int991,S2,J1:124;MS:60;PO:250;J2:123;S1:200;S2:146,s2
s1_po_comm992,S1|PO,J1:124;MS:145;PO:312;J2:151;S1:254;S2:118,cS1PO
po_eval993,PO,J1:124;MS:145;PO:313;J2:151;S1:254;S2:118,kS1|k_not_j1|k_not_s2|poe
s1_int994,S1,J1:124;MS:145;PO:312;J2:151;S1:255;S2:118,
j1_int995,J1,J1:153;MS:60;PO:249;J2:123;S1:200;S2:105,
j2_int996,J2,J1:124;MS:138;PO:302;J2:157;S1:245;S2:118,
ms_int997,MS,J1:124;MS:150;PO:305;J2:151;S1:247;S2:118,
s2_int998,S2,J1:124;MS:60;PO:250;J2:123;S1:200;S2:147,s2
s1_po_comm999,S1|PO,J1:124;MS:145;PO:314;J2:151;S1:256;S2:118,cS1PO
po_eval1000,PO,J1:124;MS:145;PO:315;J2:151;S1:256;S2:118,k_not_j1|k_not_s2|poe